date,day,artist,title,url,venue,note
2026/10/02,金,Hecatonchair sisters,rollaction,https://fireloop.net/schedule_now.shtml#1002,寺田町Fireloop,
2026/10/02,金,路地裏のバレリーナ,rollaction,https://fireloop.net/schedule_now.shtml#1002,寺田町Fireloop,
2026/10/02,金,THEE HEDGEHOGS,rollaction,https://fireloop.net/schedule_now.shtml#1002,寺田町Fireloop,
2026/10/02,金,FAMILIA,rollaction,https://fireloop.net/schedule_now.shtml#1002,寺田町Fireloop,
2026/10/03,,蟹光船,10×3で30回ジャンプの日,https://fireloop.net/schedule_now.shtml#1003,寺田町Fireloop,
2026/10/03,,THE NUGGETS,10×3で30回ジャンプの日,https://fireloop.net/schedule_now.shtml#1003,寺田町Fireloop,
2026/10/03,,The Dahlia,10×3で30回ジャンプの日,https://fireloop.net/schedule_now.shtml#1003,寺田町Fireloop,
2026/10/03,,PENNY13,10×3で30回ジャンプの日,https://fireloop.net/schedule_now.shtml#1003,寺田町Fireloop,
2026/10/04,,Accelerator,今なら…,https://fireloop.net/schedule_now.shtml#1004,寺田町Fireloop,
2026/10/06,火,ノタロネ,gate,https://fireloop.net/schedule_now.shtml#1006,寺田町Fireloop,
2026/10/06,火,SOUL SEIIER,gate,https://fireloop.net/schedule_now.shtml#1006,寺田町Fireloop,
2026/10/06,火,ANKHS JACK,gate,https://fireloop.net/schedule_now.shtml#1006,寺田町Fireloop,
2026/10/07,水,makotoニ勝手ナガラ,うつろいの中、光を見る,https://fireloop.net/schedule_now.shtml#1007,寺田町Fireloop,
2026/10/07,水,Belly of The Frog,うつろいの中、光を見る,https://fireloop.net/schedule_now.shtml#1007,寺田町Fireloop,
2026/10/07,水,mahiro,うつろいの中、光を見る,https://fireloop.net/schedule_now.shtml#1007,寺田町Fireloop,
2026/10/07,水,SherryRobbers,うつろいの中、光を見る,https://fireloop.net/schedule_now.shtml#1007,寺田町Fireloop,
2026/10/07,水,nem,うつろいの中、光を見る,https://fireloop.net/schedule_now.shtml#1007,寺田町Fireloop,
2026/10/07,水,Wasted Feels,うつろいの中、光を見る,https://fireloop.net/schedule_now.shtml#1007,寺田町Fireloop,
2026/10/08,木,Um-Hum,Help! I'm Lost,https://fireloop.net/schedule_now.shtml#1008,寺田町Fireloop,
2026/10/08,木,Heavy Bloom,Help! I'm Lost,https://fireloop.net/schedule_now.shtml#1008,寺田町Fireloop,
2026/10/08,木,MANA,Help! I'm Lost,https://fireloop.net/schedule_now.shtml#1008,寺田町Fireloop,
2026/10/08,木,Biddadat,Help! I'm Lost,https://fireloop.net/schedule_now.shtml#1008,寺田町Fireloop,
2026/10/08,木,Lyka,Help! I'm Lost,https://fireloop.net/schedule_now.shtml#1008,寺田町Fireloop,
2026/10/11,,ぜんぶ君のせいだ。,??カ国 ??都市 日の本も飛び出し〜増変侵喰愛rosion〜TOUR,https://fireloop.net/schedule_now.shtml#1011,寺田町Fireloop,
2026/10/11,,幽世脅嚇,??カ国 ??都市 日の本も飛び出し〜増変侵喰愛rosion〜TOUR,https://fireloop.net/schedule_now.shtml#1011,寺田町Fireloop,
2026/10/13,火,LIVE:,おにぎり、味噌汁、弾き語り,https://fireloop.net/schedule_now.shtml#1013,寺田町Fireloop,
2026/10/13,火,陸,おにぎり、味噌汁、弾き語り,https://fireloop.net/schedule_now.shtml#1013,寺田町Fireloop,
2026/10/13,火,ナカジ,おにぎり、味噌汁、弾き語り,https://fireloop.net/schedule_now.shtml#1013,寺田町Fireloop,
2026/10/13,火,GUEST:,おにぎり、味噌汁、弾き語り,https://fireloop.net/schedule_now.shtml#1013,寺田町Fireloop,
2026/10/13,火,石川翔理,おにぎり、味噌汁、弾き語り,https://fireloop.net/schedule_now.shtml#1013,寺田町Fireloop,
2026/10/13,火,中嶋龍之介,おにぎり、味噌汁、弾き語り,https://fireloop.net/schedule_now.shtml#1013,寺田町Fireloop,
2026/10/13,火,FOOD:,おにぎり、味噌汁、弾き語り,https://fireloop.net/schedule_now.shtml#1013,寺田町Fireloop,
2026/10/13,火,おにぎり,おにぎり、味噌汁、弾き語り,https://fireloop.net/schedule_now.shtml#1013,寺田町Fireloop,
2026/10/13,火,味噌汁,おにぎり、味噌汁、弾き語り,https://fireloop.net/schedule_now.shtml#1013,寺田町Fireloop,
2026/10/13,火,きまぐれおかず,おにぎり、味噌汁、弾き語り,https://fireloop.net/schedule_now.shtml#1013,寺田町Fireloop,
2026/10/14,水,the whimsical glider,GOOD FLIGHT,https://fireloop.net/schedule_now.shtml#1014,寺田町Fireloop,
2026/10/14,水,TURBO LIGHTER,GOOD FLIGHT,https://fireloop.net/schedule_now.shtml#1014,寺田町Fireloop,
2026/10/14,水,ichiru,GOOD FLIGHT,https://fireloop.net/schedule_now.shtml#1014,寺田町Fireloop,
2026/10/14,水,Still Crying,GOOD FLIGHT,https://fireloop.net/schedule_now.shtml#1014,寺田町Fireloop,
2026/10/16,金,デリバリー神様,rollaction,https://fireloop.net/schedule_now.shtml#1016,寺田町Fireloop,
2026/10/16,金,KIOQ,rollaction,https://fireloop.net/schedule_now.shtml#1016,寺田町Fireloop,
2026/10/16,金,暮らしにより,rollaction,https://fireloop.net/schedule_now.shtml#1016,寺田町Fireloop,
2026/10/16,金,Newtn,rollaction,https://fireloop.net/schedule_now.shtml#1016,寺田町Fireloop,
2026/10/16,金,満月,rollaction,https://fireloop.net/schedule_now.shtml#1016,寺田町Fireloop,
2026/10/17,,ヒトデアラズ,UNTITLED FURRY MUSIC FES 2026,https://fireloop.net/schedule_now.shtml#1017,寺田町Fireloop,
2026/10/17,,Zinnia,UNTITLED FURRY MUSIC FES 2026,https://fireloop.net/schedule_now.shtml#1017,寺田町Fireloop,
2026/10/17,,Kuishinboz,UNTITLED FURRY MUSIC FES 2026,https://fireloop.net/schedule_now.shtml#1017,寺田町Fireloop,
2026/10/17,,NOCTURNAL BLUE,UNTITLED FURRY MUSIC FES 2026,https://fireloop.net/schedule_now.shtml#1017,寺田町Fireloop,
2026/10/17,,WITHGLOW,UNTITLED FURRY MUSIC FES 2026,https://fireloop.net/schedule_now.shtml#1017,寺田町Fireloop,
2026/10/17,,Kotonuri,UNTITLED FURRY MUSIC FES 2026,https://fireloop.net/schedule_now.shtml#1017,寺田町Fireloop,
2026/10/17,,고심중,UNTITLED FURRY MUSIC FES 2026,https://fireloop.net/schedule_now.shtml#1017,寺田町Fireloop,
2026/10/17,,JJQuinky,UNTITLED FURRY MUSIC FES 2026,https://fireloop.net/schedule_now.shtml#1017,寺田町Fireloop,
2026/10/17,,フィエルと吉田,UNTITLED FURRY MUSIC FES 2026,https://fireloop.net/schedule_now.shtml#1017,寺田町Fireloop,
2026/10/17,,Dutch Dogs,UNTITLED FURRY MUSIC FES 2026,https://fireloop.net/schedule_now.shtml#1017,寺田町Fireloop,
2026/10/17,,DISCRATEMEN,UNTITLED FURRY MUSIC FES 2026,https://fireloop.net/schedule_now.shtml#1017,寺田町Fireloop,
2026/10/17,,Wonderfonia,UNTITLED FURRY MUSIC FES 2026,https://fireloop.net/schedule_now.shtml#1017,寺田町Fireloop,
2026/10/17,,S.O.Y.L.,UNTITLED FURRY MUSIC FES 2026,https://fireloop.net/schedule_now.shtml#1017,寺田町Fireloop,
2026/10/18,,colormal,Blue Flower Tone,https://fireloop.net/schedule_now.shtml#1018,寺田町Fireloop,
2026/10/18,,urema,Blue Flower Tone,https://fireloop.net/schedule_now.shtml#1018,寺田町Fireloop,
2026/10/21,水,senju,rollaction,https://fireloop.net/schedule_now.shtml#1021,寺田町Fireloop,
2026/10/21,水,ソナチネ,rollaction,https://fireloop.net/schedule_now.shtml#1021,寺田町Fireloop,
2026/10/21,水,needs,rollaction,https://fireloop.net/schedule_now.shtml#1021,寺田町Fireloop,
2026/10/21,水,ホームイズヒア,rollaction,https://fireloop.net/schedule_now.shtml#1021,寺田町Fireloop,
2026/10/22,木,OLIVES,rollaction,https://fireloop.net/schedule_now.shtml#1022,寺田町Fireloop,
2026/10/22,木,あこーる,rollaction,https://fireloop.net/schedule_now.shtml#1022,寺田町Fireloop,
2026/10/22,木,ボタン,rollaction,https://fireloop.net/schedule_now.shtml#1022,寺田町Fireloop,
2026/10/22,木,To Be Honest,rollaction,https://fireloop.net/schedule_now.shtml#1022,寺田町Fireloop,
2026/10/22,木,さよなら人工衛星,rollaction,https://fireloop.net/schedule_now.shtml#1022,寺田町Fireloop,
2026/10/23,金,夕鳴,rollaction,https://fireloop.net/schedule_now.shtml#1023,寺田町Fireloop,
2026/10/23,金,Mourning work,rollaction,https://fireloop.net/schedule_now.shtml#1023,寺田町Fireloop,
2026/10/23,金,yoake no seirei,rollaction,https://fireloop.net/schedule_now.shtml#1023,寺田町Fireloop,
2026/10/23,金,El Primo,rollaction,https://fireloop.net/schedule_now.shtml#1023,寺田町Fireloop,
2026/10/24,,SonoSheet,NEW HORIZON,https://fireloop.net/schedule_now.shtml#1024,寺田町Fireloop,
2026/10/24,,THEあろーんず,NEW HORIZON,https://fireloop.net/schedule_now.shtml#1024,寺田町Fireloop,
2026/10/24,,FATE BOX,NEW HORIZON,https://fireloop.net/schedule_now.shtml#1024,寺田町Fireloop,
2026/10/24,,コロブチカ,NEW HORIZON,https://fireloop.net/schedule_now.shtml#1024,寺田町Fireloop,
2026/10/24,,ROVING GRANDPA,NEW HORIZON,https://fireloop.net/schedule_now.shtml#1024,寺田町Fireloop,
2026/10/26,月,muk,TAKE OVER TOUR,https://fireloop.net/schedule_now.shtml#1026,寺田町Fireloop,
2026/10/26,月,Viewtrade,TAKE OVER TOUR,https://fireloop.net/schedule_now.shtml#1026,寺田町Fireloop,
2026/10/26,月,物品販売,TAKE OVER TOUR,https://fireloop.net/schedule_now.shtml#1026,寺田町Fireloop,
2026/10/27,火,爽風紀,rollaction,https://fireloop.net/schedule_now.shtml#1027,寺田町Fireloop,
2026/10/27,火,Mello Dramatico,rollaction,https://fireloop.net/schedule_now.shtml#1027,寺田町Fireloop,
2026/10/27,火,ベルミー,rollaction,https://fireloop.net/schedule_now.shtml#1027,寺田町Fireloop,
2026/10/27,火,アナムネーシス,rollaction,https://fireloop.net/schedule_now.shtml#1027,寺田町Fireloop,
2026/10/28,水,Jacob Jr.,Hardenbergia vol.4,https://fireloop.net/schedule_now.shtml#1028,寺田町Fireloop,
2026/10/28,水,ゴードマウンテン,Hardenbergia vol.4,https://fireloop.net/schedule_now.shtml#1028,寺田町Fireloop,
2026/10/28,水,CRYSOON,Hardenbergia vol.4,https://fireloop.net/schedule_now.shtml#1028,寺田町Fireloop,
2026/10/28,水,soyouth,Hardenbergia vol.4,https://fireloop.net/schedule_now.shtml#1028,寺田町Fireloop,
2026/10/28,水,TURBO LIGHTER,Hardenbergia vol.4,https://fireloop.net/schedule_now.shtml#1028,寺田町Fireloop,
2026/10/28,水,and more…,Hardenbergia vol.4,https://fireloop.net/schedule_now.shtml#1028,寺田町Fireloop,
2026/10/29,木,Bob,rollaction,https://fireloop.net/schedule_now.shtml#1029,寺田町Fireloop,
2026/10/29,木,Beckel,rollaction,https://fireloop.net/schedule_now.shtml#1029,寺田町Fireloop,
2026/10/29,木,MiMiNaRe:,rollaction,https://fireloop.net/schedule_now.shtml#1029,寺田町Fireloop,
2026/10/29,木,rolling darling,rollaction,https://fireloop.net/schedule_now.shtml#1029,寺田町Fireloop,
2026/10/29,木,KOOL Ⅱ,rollaction,https://fireloop.net/schedule_now.shtml#1029,寺田町Fireloop,
2026/10/31,金,TOKYOてふてふ,Halloween TMHTOUR 2026,https://fireloop.net/schedule_now.shtml#1031,寺田町Fireloop,
2026/10/31,金,幽世脅嚇,Halloween TMHTOUR 2026,https://fireloop.net/schedule_now.shtml#1031,寺田町Fireloop,
2026/10/31,金,丑03,Halloween TMHTOUR 2026,https://fireloop.net/schedule_now.shtml#1031,寺田町Fireloop,
2026/10/31,金,弐ノ名,Halloween TMHTOUR 2026,https://fireloop.net/schedule_now.shtml#1031,寺田町Fireloop,
2026/10/31,金,うそ吐生ナイショ,Halloween TMHTOUR 2026,https://fireloop.net/schedule_now.shtml#1031,寺田町Fireloop,
2026/10/31,,Bloody Nightmare,Crimson Ritual,https://fireloop.net/schedule_now.shtml#1031,寺田町Fireloop,
2026/10/31,,for severe addicts only,Crimson Ritual,https://fireloop.net/schedule_now.shtml#1031,寺田町Fireloop,
2026/10/31,,RENAME,Crimson Ritual,https://fireloop.net/schedule_now.shtml#1031,寺田町Fireloop,
2026/10/31,,ナナ,Crimson Ritual,https://fireloop.net/schedule_now.shtml#1031,寺田町Fireloop,
2026/10/31,,Redo,Crimson Ritual,https://fireloop.net/schedule_now.shtml#1031,寺田町Fireloop,
2026/11/01,,RENAME,code:Alter,https://fireloop.net/schedule_now.shtml#1101,寺田町Fireloop,
2026/11/01,,Redo,code:Alter,https://fireloop.net/schedule_now.shtml#1101,寺田町Fireloop,
2026/11/02,月,fulusu,"fulusu New EP "" Decay in Vivo ""Release Tour 2026",https://fireloop.net/schedule_now.shtml#1102,寺田町Fireloop,
2026/11/02,月,そこに鳴る,"fulusu New EP "" Decay in Vivo ""Release Tour 2026",https://fireloop.net/schedule_now.shtml#1102,寺田町Fireloop,
2026/11/02,月,Tyrkouaz,"fulusu New EP "" Decay in Vivo ""Release Tour 2026",https://fireloop.net/schedule_now.shtml#1102,寺田町Fireloop,
2026/11/03,,pavilion,dismount,https://fireloop.net/schedule_now.shtml#1103,寺田町Fireloop,
2026/11/03,,Apes,dismount,https://fireloop.net/schedule_now.shtml#1103,寺田町Fireloop,
2026/11/03,,blondy,dismount,https://fireloop.net/schedule_now.shtml#1103,寺田町Fireloop,
2026/11/03,,Monomi twins,dismount,https://fireloop.net/schedule_now.shtml#1103,寺田町Fireloop,
2026/11/03,,PLATFORM,dismount,https://fireloop.net/schedule_now.shtml#1103,寺田町Fireloop,
2026/11/03,,Split end,dismount,https://fireloop.net/schedule_now.shtml#1103,寺田町Fireloop,
2026/11/03,,モラトリアム,dismount,https://fireloop.net/schedule_now.shtml#1103,寺田町Fireloop,
2026/11/03,,穴熊,dismount,https://fireloop.net/schedule_now.shtml#1103,寺田町Fireloop,
2026/11/03,,and more...,dismount,https://fireloop.net/schedule_now.shtml#1103,寺田町Fireloop,
2026/11/04,水,Chantom,お前を愛しに行くツアー,https://fireloop.net/schedule_now.shtml#1104,寺田町Fireloop,
2026/11/04,水,梵,お前を愛しに行くツアー,https://fireloop.net/schedule_now.shtml#1104,寺田町Fireloop,
2026/11/04,水,Cider House,お前を愛しに行くツアー,https://fireloop.net/schedule_now.shtml#1104,寺田町Fireloop,
2026/11/04,水,LAURELS,お前を愛しに行くツアー,https://fireloop.net/schedule_now.shtml#1104,寺田町Fireloop,
2026/11/06,金,matatapia,"<tour_001=""回遊水槽"">",https://fireloop.net/schedule_now.shtml#1106,寺田町Fireloop,
2026/11/06,金,むにゃむにゃプラスチック。,"<tour_001=""回遊水槽"">",https://fireloop.net/schedule_now.shtml#1106,寺田町Fireloop,
2026/11/06,金,KIOQ,"<tour_001=""回遊水槽"">",https://fireloop.net/schedule_now.shtml#1106,寺田町Fireloop,
2026/11/06,金,GUMLEON,"<tour_001=""回遊水槽"">",https://fireloop.net/schedule_now.shtml#1106,寺田町Fireloop,
2026/11/07,,逃げた魚バンド,『3+1=』,https://fireloop.net/schedule_now.shtml#1107,寺田町Fireloop,
2026/11/07,,アラレループ,『3+1=』,https://fireloop.net/schedule_now.shtml#1107,寺田町Fireloop,
2026/11/07,,yomosugara,『3+1=』,https://fireloop.net/schedule_now.shtml#1107,寺田町Fireloop,
2026/11/07,,ayatori,『3+1=』,https://fireloop.net/schedule_now.shtml#1107,寺田町Fireloop,
2026/11/08,,兀突骨,THRASH ADDICTION ZERO 2,https://fireloop.net/schedule_now.shtml#1108,寺田町Fireloop,
2026/11/08,,CODE RED,THRASH ADDICTION ZERO 2,https://fireloop.net/schedule_now.shtml#1108,寺田町Fireloop,
2026/11/08,,殺戮ロボット,THRASH ADDICTION ZERO 2,https://fireloop.net/schedule_now.shtml#1108,寺田町Fireloop,
2026/11/08,,NEAT001,THRASH ADDICTION ZERO 2,https://fireloop.net/schedule_now.shtml#1108,寺田町Fireloop,
2026/11/08,,VALKYRIE ZERO,THRASH ADDICTION ZERO 2,https://fireloop.net/schedule_now.shtml#1108,寺田町Fireloop,
2026/11/09,月,咲那,ゆううつを花束に込めて,https://fireloop.net/schedule_now.shtml#1109,寺田町Fireloop,
2026/11/09,月,安達花,ゆううつを花束に込めて,https://fireloop.net/schedule_now.shtml#1109,寺田町Fireloop,
2026/11/09,月,Azall,ゆううつを花束に込めて,https://fireloop.net/schedule_now.shtml#1109,寺田町Fireloop,
2026/11/09,月,Ordinary Piece,ゆううつを花束に込めて,https://fireloop.net/schedule_now.shtml#1109,寺田町Fireloop,
2026/11/11,水,Telepathy,NOISE STAR JAPAN TOUR × DEFY,https://fireloop.net/schedule_now.shtml#1111,寺田町Fireloop,
2026/11/11,水,DEFY,NOISE STAR JAPAN TOUR × DEFY,https://fireloop.net/schedule_now.shtml#1111,寺田町Fireloop,
2026/11/11,水,衝動革命,NOISE STAR JAPAN TOUR × DEFY,https://fireloop.net/schedule_now.shtml#1111,寺田町Fireloop,
2026/11/11,水,pLoom,NOISE STAR JAPAN TOUR × DEFY,https://fireloop.net/schedule_now.shtml#1111,寺田町Fireloop,
2026/11/11,水,Noise Star,NOISE STAR JAPAN TOUR × DEFY,https://fireloop.net/schedule_now.shtml#1111,寺田町Fireloop,
2026/11/13,金,橋本泰河,Dog Ear,https://fireloop.net/schedule_now.shtml#1113,寺田町Fireloop,
2026/11/13,金,ベイビー斎藤真音,Dog Ear,https://fireloop.net/schedule_now.shtml#1113,寺田町Fireloop,
2026/11/13,金,ヤジマX,Dog Ear,https://fireloop.net/schedule_now.shtml#1113,寺田町Fireloop,
2026/11/13,金,FATE BOX,Dog Ear,https://fireloop.net/schedule_now.shtml#1113,寺田町Fireloop,
2026/11/13,金,/シンガロンパレード,Dog Ear,https://fireloop.net/schedule_now.shtml#1113,寺田町Fireloop,
2026/11/13,金,センチネル,Dog Ear,https://fireloop.net/schedule_now.shtml#1113,寺田町Fireloop,
2026/11/14,,34,SCRAP AND BUILD,https://fireloop.net/schedule_now.shtml#1114,寺田町Fireloop,
2026/11/14,,せだい,SCRAP AND BUILD,https://fireloop.net/schedule_now.shtml#1114,寺田町Fireloop,
2026/11/14,,衝動革命,SCRAP AND BUILD,https://fireloop.net/schedule_now.shtml#1114,寺田町Fireloop,
2026/11/14,,bed,SCRAP AND BUILD,https://fireloop.net/schedule_now.shtml#1114,寺田町Fireloop,
2026/11/15,,Keg's Tower,An Evening with Keg's Tower,https://fireloop.net/schedule_now.shtml#1115,寺田町Fireloop,
2026/11/16,月,フランジウラル,ねえ今どこにいて、誰といるの？ツアー,https://fireloop.net/schedule_now.shtml#1116,寺田町Fireloop,
2026/11/16,月,Zoku,ねえ今どこにいて、誰といるの？ツアー,https://fireloop.net/schedule_now.shtml#1116,寺田町Fireloop,
2026/11/16,月,奔走狂走局,ねえ今どこにいて、誰といるの？ツアー,https://fireloop.net/schedule_now.shtml#1116,寺田町Fireloop,
2026/11/16,月,セツナフレンド,ねえ今どこにいて、誰といるの？ツアー,https://fireloop.net/schedule_now.shtml#1116,寺田町Fireloop,
2026/11/16,月,アンディー,ねえ今どこにいて、誰といるの？ツアー,https://fireloop.net/schedule_now.shtml#1116,寺田町Fireloop,
2026/11/17,火,ソナチネ,あのシネマ,https://fireloop.net/schedule_now.shtml#1117,寺田町Fireloop,
2026/11/17,火,Comical Fighters,あのシネマ,https://fireloop.net/schedule_now.shtml#1117,寺田町Fireloop,
2026/11/17,火,Telepathy,あのシネマ,https://fireloop.net/schedule_now.shtml#1117,寺田町Fireloop,
2026/11/19,木,ここで生きてるず,産声,https://fireloop.net/schedule_now.shtml#1119,寺田町Fireloop,
2026/11/19,木,THE HAMIDA SHE’S,産声,https://fireloop.net/schedule_now.shtml#1119,寺田町Fireloop,
2026/11/19,木,moodress,産声,https://fireloop.net/schedule_now.shtml#1119,寺田町Fireloop,
2026/11/19,木,くっつくパピー,産声,https://fireloop.net/schedule_now.shtml#1119,寺田町Fireloop,
2026/11/19,木,Muddy Jackets,産声,https://fireloop.net/schedule_now.shtml#1119,寺田町Fireloop,
2026/11/19,木,ヨークシン,産声,https://fireloop.net/schedule_now.shtml#1119,寺田町Fireloop,
2026/11/19,木,The right,産声,https://fireloop.net/schedule_now.shtml#1119,寺田町Fireloop,
2026/11/19,木,ガガ・スプート,産声,https://fireloop.net/schedule_now.shtml#1119,寺田町Fireloop,
2026/11/22,日,azure,“Do you believe in magic?”,https://fireloop.net/schedule_now.shtml#1122,寺田町Fireloop,
2026/11/22,日,すなお,“Do you believe in magic?”,https://fireloop.net/schedule_now.shtml#1122,寺田町Fireloop,
2026/11/22,日,オートコード,“Do you believe in magic?”,https://fireloop.net/schedule_now.shtml#1122,寺田町Fireloop,
2026/11/23,,CARAMEL CANDiD,東阪2マンライブツアー2026,https://fireloop.net/schedule_now.shtml#1123,寺田町Fireloop,
2026/11/23,,ウマシカて,東阪2マンライブツアー2026,https://fireloop.net/schedule_now.shtml#1123,寺田町Fireloop,
2026/11/25,水,浅野毅,HONMAMON VOL.3,https://fireloop.net/schedule_now.shtml#1125,寺田町Fireloop,
2026/11/25,水,VANQULLWAR'S,HONMAMON VOL.3,https://fireloop.net/schedule_now.shtml#1125,寺田町Fireloop,
2026/11/25,水,ぽてさらちゃん。,HONMAMON VOL.3,https://fireloop.net/schedule_now.shtml#1125,寺田町Fireloop,
2026/11/26,木,ペシミスピアス,さびしさは鳴る,https://fireloop.net/schedule_now.shtml#1126,寺田町Fireloop,
2026/11/26,木,muk,さびしさは鳴る,https://fireloop.net/schedule_now.shtml#1126,寺田町Fireloop,
2026/11/27,金,LOVIN' THE BUNK,prelude,https://fireloop.net/schedule_now.shtml#1127,寺田町Fireloop,
2026/11/27,金,THE MYHALLEY ll,prelude,https://fireloop.net/schedule_now.shtml#1127,寺田町Fireloop,
2026/11/27,金,ヨークシン,prelude,https://fireloop.net/schedule_now.shtml#1127,寺田町Fireloop,
2026/11/27,金,Comical Fighers,prelude,https://fireloop.net/schedule_now.shtml#1127,寺田町Fireloop,
2026/11/27,金,Muddy Jackets,prelude,https://fireloop.net/schedule_now.shtml#1127,寺田町Fireloop,
2026/12/01,火,ヒロセターキー,Virtuality Earth,https://fireloop.net/schedule_now.shtml#1201,寺田町Fireloop,
2026/12/01,火,shinju,Virtuality Earth,https://fireloop.net/schedule_now.shtml#1201,寺田町Fireloop,
2026/12/01,火,作戦53,Virtuality Earth,https://fireloop.net/schedule_now.shtml#1201,寺田町Fireloop,
2026/12/01,火,鈴村英雄,Virtuality Earth,https://fireloop.net/schedule_now.shtml#1201,寺田町Fireloop,
2026/12/01,火,O.A.印象,Virtuality Earth,https://fireloop.net/schedule_now.shtml#1201,寺田町Fireloop,
2026/12/04,金,Yellow Studs,OH MATTER SAY,https://fireloop.net/schedule_now.shtml#1204,寺田町Fireloop,
2026/12/05,,チャー絆,ネバーセイネバー,https://fireloop.net/schedule_now.shtml#1205,寺田町Fireloop,
2026/12/05,,Support Drums：松川桃子,ネバーセイネバー,https://fireloop.net/schedule_now.shtml#1205,寺田町Fireloop,
2026/12/07,月,鴉,ただいまを携えて,https://fireloop.net/schedule_now.shtml#1207,寺田町Fireloop,
2026/12/12,,Sheglapes,NEXUS,https://fireloop.net/schedule_now.shtml#1212,寺田町Fireloop,
2026/12/13,,杉本恭一 & three days ago,Tail Peace Tour 2026,https://fireloop.net/schedule_now.shtml#1213,寺田町Fireloop,
2026/12/15,火,レイラ,レイラ 1st Full Album「いまを生きる」Release Tour,https://fireloop.net/schedule_now.shtml#1215,寺田町Fireloop,
2026/12/16,水,ROVING GRANDPA,「かがやき e.p」リリース記念,https://fireloop.net/schedule_now.shtml#1216,寺田町Fireloop,
2026/12/16,水,FATEBOX,「かがやき e.p」リリース記念,https://fireloop.net/schedule_now.shtml#1216,寺田町Fireloop,
2026/12/16,水,blondy,「かがやき e.p」リリース記念,https://fireloop.net/schedule_now.shtml#1216,寺田町Fireloop,
2026/12/16,水,グッド・バイ,「かがやき e.p」リリース記念,https://fireloop.net/schedule_now.shtml#1216,寺田町Fireloop,
2026/12/21,月,エダワカレ,HEARTFULCORE,https://fireloop.net/schedule_now.shtml#1221,寺田町Fireloop,
2026/12/23,火,おとなりにぎんが計画,全部銀河ツアー,https://fireloop.net/schedule_now.shtml#1223,寺田町Fireloop,
2026/12/25,金,天国注射,少しは社会に馴染めたかLive Album Rerease Tour,https://fireloop.net/schedule_now.shtml#1225,寺田町Fireloop,
2026/12/25,金,computer fight,少しは社会に馴染めたかLive Album Rerease Tour,https://fireloop.net/schedule_now.shtml#1225,寺田町Fireloop,
2026/12/25,金,Gill Snatch,少しは社会に馴染めたかLive Album Rerease Tour,https://fireloop.net/schedule_now.shtml#1225,寺田町Fireloop,
2026/12/25,金,metalgiasolid,少しは社会に馴染めたかLive Album Rerease Tour,https://fireloop.net/schedule_now.shtml#1225,寺田町Fireloop,
2026/12/25,金,The Dahlia,少しは社会に馴染めたかLive Album Rerease Tour,https://fireloop.net/schedule_now.shtml#1225,寺田町Fireloop,
2026/12/25,金,Comical Fighters,少しは社会に馴染めたかLive Album Rerease Tour,https://fireloop.net/schedule_now.shtml#1225,寺田町Fireloop,
2026/12/25,金,Telepathy,少しは社会に馴染めたかLive Album Rerease Tour,https://fireloop.net/schedule_now.shtml#1225,寺田町Fireloop,
2026/12/25,金,Low Quality Suicide,少しは社会に馴染めたかLive Album Rerease Tour,https://fireloop.net/schedule_now.shtml#1225,寺田町Fireloop,
2027/01/16,,Ryo,「葵、奏鳴」,https://fireloop.net/schedule_now.shtml#0116,寺田町Fireloop,
2027/01/16,,GUEST : オトギ,「葵、奏鳴」,https://fireloop.net/schedule_now.shtml#0116,寺田町Fireloop,
2027/02/20,,ガストバーナー,おやすみ,https://fireloop.net/schedule_now.shtml#0220,寺田町Fireloop,
2026/10/01,木,松延慎吾,OPEN 18:30,https://para-dice.net/,扇町para-dice,
2026/10/01,木,石岡幸大,OPEN 18:30,https://para-dice.net/,扇町para-dice,
2026/10/01,木,新世界ホシヲ,OPEN 18:30,https://para-dice.net/,扇町para-dice,
2026/10/01,木,中村天一,OPEN 18:30,https://para-dice.net/,扇町para-dice,
2026/10/01,木,モリ やすヒロ,OPEN 18:30,https://para-dice.net/,扇町para-dice,
2026/10/02,金,carrel bites,OPEN 18:30,https://para-dice.net/,扇町para-dice,
2026/10/02,金,JACKSTRAW,OPEN 18:30,https://para-dice.net/,扇町para-dice,
2026/10/02,金,madohi,OPEN 18:30,https://para-dice.net/,扇町para-dice,
2026/10/02,金,moodress,OPEN 18:30,https://para-dice.net/,扇町para-dice,
2026/10/03,土,March Of Deer pre.,,https://para-dice.net/,扇町para-dice,
2026/10/03,土,『 Pale Blue Dot 2 』,,https://para-dice.net/,扇町para-dice,
2026/10/03,土,senju,,https://para-dice.net/,扇町para-dice,
2026/10/03,土,犬街倶楽部,,https://para-dice.net/,扇町para-dice,
2026/10/03,土,Mr.Suicide,,https://para-dice.net/,扇町para-dice,
2026/10/03,土,bluekeys,,https://para-dice.net/,扇町para-dice,
2026/10/03,土,ろうほう,,https://para-dice.net/,扇町para-dice,
2026/10/03,土,STRAT 18:00,,https://para-dice.net/,扇町para-dice,
2026/10/04,日,『 3倍ダビングの夜 』は諸事情により延期となりました。,,https://para-dice.net/,扇町para-dice,
2026/10/04,日,それに伴い緊急企画！,,https://para-dice.net/,扇町para-dice,
2026/10/04,日,『10倍ダビングの夜』,,https://para-dice.net/,扇町para-dice,
2026/10/04,日,マッドショットガン,,https://para-dice.net/,扇町para-dice,
2026/10/04,日,jocojo not solo,,https://para-dice.net/,扇町para-dice,
2026/10/04,日,ラウンドヘッド,,https://para-dice.net/,扇町para-dice,
2026/10/04,日,ポップスタンダード,,https://para-dice.net/,扇町para-dice,
2026/10/04,日,ANYO,,https://para-dice.net/,扇町para-dice,
2026/10/04,日,※本イベントで頂戴いたしました投げ銭は、全額を安井淳氏へ還元・進呈いたします。,,https://para-dice.net/,扇町para-dice,
2026/10/07,水,obishi,OPEN 18:30,https://para-dice.net/,扇町para-dice,
2026/10/07,水,山本 弘,OPEN 18:30,https://para-dice.net/,扇町para-dice,
2026/10/07,水,Semimaru,OPEN 18:30,https://para-dice.net/,扇町para-dice,
2026/10/07,水,ホンジョウ,OPEN 18:30,https://para-dice.net/,扇町para-dice,
2026/10/07,水,こもも,OPEN 18:30,https://para-dice.net/,扇町para-dice,
2026/10/08,木,Papa make yeti,OPEN 18:30,https://para-dice.net/,扇町para-dice,
2026/10/08,木,NRYY,OPEN 18:30,https://para-dice.net/,扇町para-dice,
2026/10/08,木,ジェットTAMURA,OPEN 18:30,https://para-dice.net/,扇町para-dice,
2026/10/08,木,ピーター大工原,OPEN 18:30,https://para-dice.net/,扇町para-dice,
2026/10/08,木,氏家草太,OPEN 18:30,https://para-dice.net/,扇町para-dice,
2026/10/09,金,MCSHIGE Rockingchair,OPEN 18:30,https://para-dice.net/,扇町para-dice,
2026/10/09,金,Running Home Run,OPEN 18:30,https://para-dice.net/,扇町para-dice,
2026/10/09,金,海組,OPEN 18:30,https://para-dice.net/,扇町para-dice,
2026/10/09,金,テルルス,OPEN 18:30,https://para-dice.net/,扇町para-dice,
2026/10/09,金,Fluffy Machine,OPEN 18:30,https://para-dice.net/,扇町para-dice,
2026/10/10,土,『 中止 』,,https://para-dice.net/,扇町para-dice,
2026/10/10,土,クロメ企画,,https://para-dice.net/,扇町para-dice,
2026/10/10,土,大阪ワンマンライブ,,https://para-dice.net/,扇町para-dice,
2026/10/10,土,para-dice企画,OPEN 18:00,https://para-dice.net/,扇町para-dice,
2026/10/10,土,『 OUGIMACHI CALLING 』,OPEN 18:00,https://para-dice.net/,扇町para-dice,
2026/10/10,土,カミナリボルト,OPEN 18:00,https://para-dice.net/,扇町para-dice,
2026/10/10,土,Dr.snaxx,OPEN 18:00,https://para-dice.net/,扇町para-dice,
2026/10/10,土,sixteencoins,OPEN 18:00,https://para-dice.net/,扇町para-dice,
2026/10/10,土,キリングマネーズ,OPEN 18:00,https://para-dice.net/,扇町para-dice,
2026/10/10,土,ネコグルマ,OPEN 18:00,https://para-dice.net/,扇町para-dice,
2026/10/11,日,サイケデリックハートブラボーズ,サイケデリックハートブラボーズ,https://para-dice.net/,扇町para-dice,
2026/10/11,日,雨市,サイケデリックハートブラボーズ,https://para-dice.net/,扇町para-dice,
2026/10/11,日,ツーマンライブ,サイケデリックハートブラボーズ,https://para-dice.net/,扇町para-dice,
2026/10/12,月祝,TOKIMEKI☆JAMBOJAMBO,OPEN 17:30,https://para-dice.net/,扇町para-dice,
2026/10/12,月祝,教育,OPEN 17:30,https://para-dice.net/,扇町para-dice,
2026/10/12,月祝,HiSui,OPEN 17:30,https://para-dice.net/,扇町para-dice,
2026/10/12,月祝,mango.,OPEN 17:30,https://para-dice.net/,扇町para-dice,
2026/10/12,月祝,El Primo,OPEN 17:30,https://para-dice.net/,扇町para-dice,
2026/10/14,水,スモーキンデスペラード,OPEN 18:30,https://para-dice.net/,扇町para-dice,
2026/10/14,水,社領遥樹,OPEN 18:30,https://para-dice.net/,扇町para-dice,
2026/10/14,水,車輪,OPEN 18:30,https://para-dice.net/,扇町para-dice,
2026/10/14,水,西山昂志,OPEN 18:30,https://para-dice.net/,扇町para-dice,
2026/10/14,水,エチュバリア,OPEN 18:30,https://para-dice.net/,扇町para-dice,
2026/10/15,木,para-dice企画,para-dice企画,https://para-dice.net/,扇町para-dice,
2026/10/15,木,『 Little Boys In da house 』,para-dice企画,https://para-dice.net/,扇町para-dice,
2026/10/15,木,Atomic stooges,para-dice企画,https://para-dice.net/,扇町para-dice,
2026/10/15,木,FUJIYAMA BEAT CLUB,para-dice企画,https://para-dice.net/,扇町para-dice,
2026/10/15,木,Gotta Neal Experiment,para-dice企画,https://para-dice.net/,扇町para-dice,
2026/10/15,木,Little Boys,para-dice企画,https://para-dice.net/,扇町para-dice,
2026/10/16,金,虚舟 dub experience,OPEN 18:30,https://para-dice.net/,扇町para-dice,
2026/10/16,金,HAMAYANEN,OPEN 18:30,https://para-dice.net/,扇町para-dice,
2026/10/16,金,リリスバンド,OPEN 18:30,https://para-dice.net/,扇町para-dice,
2026/10/16,金,九九る式,OPEN 18:30,https://para-dice.net/,扇町para-dice,
2026/10/16,金,京橋光,OPEN 18:30,https://para-dice.net/,扇町para-dice,
2026/10/17,土,dogon,OPEN 18:30,https://para-dice.net/,扇町para-dice,
2026/10/17,土,ロクゲンサン,OPEN 18:30,https://para-dice.net/,扇町para-dice,
2026/10/17,土,Lone Otter,OPEN 18:30,https://para-dice.net/,扇町para-dice,
2026/10/17,土,青い紫陽花,OPEN 18:30,https://para-dice.net/,扇町para-dice,
2026/10/18,日,THE LASTNEWS,OPEN 17:30,https://para-dice.net/,扇町para-dice,
2026/10/18,日,Redboot2,OPEN 17:30,https://para-dice.net/,扇町para-dice,
2026/10/18,日,ネル,OPEN 17:30,https://para-dice.net/,扇町para-dice,
2026/10/18,日,THE WHAT’S,OPEN 17:30,https://para-dice.net/,扇町para-dice,
2026/10/18,日,THE 王様クジラ,OPEN 17:30,https://para-dice.net/,扇町para-dice,
2026/10/19,月,para-dice企画,para-dice企画,https://para-dice.net/,扇町para-dice,
2026/10/19,月,『 Gloriosa 』,para-dice企画,https://para-dice.net/,扇町para-dice,
2026/10/19,月,エレベーターズ,para-dice企画,https://para-dice.net/,扇町para-dice,
2026/10/19,月,ロベルト司,para-dice企画,https://para-dice.net/,扇町para-dice,
2026/10/19,月,雲雀,para-dice企画,https://para-dice.net/,扇町para-dice,
2026/10/19,月,ズルムケ直樹,para-dice企画,https://para-dice.net/,扇町para-dice,
2026/10/19,月,Rie Lee+アステリズム+イタミトクニン,para-dice企画,https://para-dice.net/,扇町para-dice,
2026/10/21,水,para-dice企画,para-dice企画,https://para-dice.net/,扇町para-dice,
2026/10/21,水,The Monkey Business Extra Light,para-dice企画,https://para-dice.net/,扇町para-dice,
2026/10/21,水,THE SILVERTONES,para-dice企画,https://para-dice.net/,扇町para-dice,
2026/10/21,水,キギ,para-dice企画,https://para-dice.net/,扇町para-dice,
2026/10/21,水,メトロロ,para-dice企画,https://para-dice.net/,扇町para-dice,
2026/10/21,水,ミライノス,para-dice企画,https://para-dice.net/,扇町para-dice,
2026/10/22,木,DietGRRRL,OPEN 18:30,https://para-dice.net/,扇町para-dice,
2026/10/22,木,河口紡,OPEN 18:30,https://para-dice.net/,扇町para-dice,
2026/10/22,木,PPP,OPEN 18:30,https://para-dice.net/,扇町para-dice,
2026/10/22,木,自転車SO業舎,OPEN 18:30,https://para-dice.net/,扇町para-dice,
2026/10/22,木,ナタリーはぜかわ,OPEN 18:30,https://para-dice.net/,扇町para-dice,
2026/10/23,金,黒色青年,OPEN 19:00,https://para-dice.net/,扇町para-dice,
2026/10/23,金,NovaFlash,OPEN 19:00,https://para-dice.net/,扇町para-dice,
2026/10/23,金,strange world's end,OPEN 19:00,https://para-dice.net/,扇町para-dice,
2026/10/23,金,the dominant curve,OPEN 19:00,https://para-dice.net/,扇町para-dice,
2026/10/24,土,『 THE BURGERS JAPAN TOUR 2026 』,『 THE BURGERS JAPAN TOUR 2026,https://para-dice.net/,扇町para-dice,
2026/10/24,土,The Burgers,『 THE BURGERS JAPAN TOUR 2026,https://para-dice.net/,扇町para-dice,
2026/10/24,土,THE SMOG,『 THE BURGERS JAPAN TOUR 2026,https://para-dice.net/,扇町para-dice,
2026/10/24,土,BLAAM!,『 THE BURGERS JAPAN TOUR 2026,https://para-dice.net/,扇町para-dice,
2026/10/24,土,THE SELECTORS,『 THE BURGERS JAPAN TOUR 2026,https://para-dice.net/,扇町para-dice,
2026/10/24,土,DJ MOKUO,『 THE BURGERS JAPAN TOUR 2026,https://para-dice.net/,扇町para-dice,
2026/10/24,土,DJ VON SENTIMENTAL,『 THE BURGERS JAPAN TOUR 2026,https://para-dice.net/,扇町para-dice,
2026/10/25,日,para-dice企画,para-dice企画,https://para-dice.net/,扇町para-dice,
2026/10/25,日,『 Powerslave 』,para-dice企画,https://para-dice.net/,扇町para-dice,
2026/10/25,日,Yusuke Terauchi,para-dice企画,https://para-dice.net/,扇町para-dice,
2026/10/25,日,THE TEENAGE SOCKS,para-dice企画,https://para-dice.net/,扇町para-dice,
2026/10/25,日,NTGSS,para-dice企画,https://para-dice.net/,扇町para-dice,
2026/10/25,日,Mt.Mt.,para-dice企画,https://para-dice.net/,扇町para-dice,
2026/10/25,日,堀川サタデーズ,para-dice企画,https://para-dice.net/,扇町para-dice,
2026/10/28,水,タイラキタ,OPEN 18:30,https://para-dice.net/,扇町para-dice,
2026/10/28,水,dummyclub,OPEN 18:30,https://para-dice.net/,扇町para-dice,
2026/10/28,水,DEERHOUNDS,OPEN 18:30,https://para-dice.net/,扇町para-dice,
2026/10/28,水,ミズキコモモ,OPEN 18:30,https://para-dice.net/,扇町para-dice,
2026/10/28,水,望月あづさ,OPEN 18:30,https://para-dice.net/,扇町para-dice,
2026/10/29,木,扇町para-dice,扇町para-dice,https://para-dice.net/,扇町para-dice,
2026/10/29,木,『 GOLD EXPERIENCE 』,扇町para-dice,https://para-dice.net/,扇町para-dice,
2026/10/29,木,満月,扇町para-dice,https://para-dice.net/,扇町para-dice,
2026/10/29,木,さよなら人工衛星,扇町para-dice,https://para-dice.net/,扇町para-dice,
2026/10/29,木,hayashi toto,扇町para-dice,https://para-dice.net/,扇町para-dice,
2026/10/29,木,dins,扇町para-dice,https://para-dice.net/,扇町para-dice,
2026/10/30,金,雨つつ。,OPEN 18:30,https://para-dice.net/,扇町para-dice,
2026/10/30,金,亜偉瑠,OPEN 18:30,https://para-dice.net/,扇町para-dice,
2026/10/30,金,ごま,OPEN 18:30,https://para-dice.net/,扇町para-dice,
2026/10/30,金,Rie Lee,OPEN 18:30,https://para-dice.net/,扇町para-dice,
2026/10/30,金,KAJO,OPEN 18:30,https://para-dice.net/,扇町para-dice,
2026/10/31,土,白夜presents,白夜presents,https://para-dice.net/,扇町para-dice,
2026/10/31,土,『 MASSIVE TROUBLE 』,白夜presents,https://para-dice.net/,扇町para-dice,
2026/10/31,土,白夜,白夜presents,https://para-dice.net/,扇町para-dice,
2026/10/31,土,gangsters,白夜presents,https://para-dice.net/,扇町para-dice,
2026/10/31,土,レグホン,白夜presents,https://para-dice.net/,扇町para-dice,
2026/10/31,土,fuzzy stereo,白夜presents,https://para-dice.net/,扇町para-dice,
2026/10/31,土,STRAT 18:00,白夜presents,https://para-dice.net/,扇町para-dice,
2026/11/01,日,BATINE,OPEN 16:30,https://para-dice.net/,扇町para-dice,
2026/11/01,日,頷けば灰,OPEN 16:30,https://para-dice.net/,扇町para-dice,
2026/11/01,日,Redboot2,OPEN 16:30,https://para-dice.net/,扇町para-dice,
2026/11/01,日,一心十,OPEN 16:30,https://para-dice.net/,扇町para-dice,
2026/11/01,日,鈴木知文×マコト,OPEN 16:30,https://para-dice.net/,扇町para-dice,
2026/11/01,日,イワタショウゴBAND,OPEN 16:30,https://para-dice.net/,扇町para-dice,
2026/11/02,月,para-dice企画,para-dice企画,https://para-dice.net/,扇町para-dice,
2026/11/02,月,『 GOLD EXPERIENCE 』,para-dice企画,https://para-dice.net/,扇町para-dice,
2026/11/02,月,たかぎしゆか,para-dice企画,https://para-dice.net/,扇町para-dice,
2026/11/02,月,ホシノコウスケ,para-dice企画,https://para-dice.net/,扇町para-dice,
2026/11/02,月,佐藤椅子,para-dice企画,https://para-dice.net/,扇町para-dice,
2026/11/02,月,torobi,para-dice企画,https://para-dice.net/,扇町para-dice,
2026/11/02,月,NA/DA,para-dice企画,https://para-dice.net/,扇町para-dice,
2026/11/03,火祝,para-dice企画,para-dice企画,https://para-dice.net/,扇町para-dice,
2026/11/03,火祝,『 Powerslave 』,para-dice企画,https://para-dice.net/,扇町para-dice,
2026/11/03,火祝,FUDGE ALL THERE,para-dice企画,https://para-dice.net/,扇町para-dice,
2026/11/03,火祝,THE SUNBURST,para-dice企画,https://para-dice.net/,扇町para-dice,
2026/11/03,火祝,The Lacquers,para-dice企画,https://para-dice.net/,扇町para-dice,
2026/11/03,火祝,終ノ住処,para-dice企画,https://para-dice.net/,扇町para-dice,
2026/11/03,火祝,BRODY,para-dice企画,https://para-dice.net/,扇町para-dice,
2026/11/06,金,扇町para-dice,,https://para-dice.net/,扇町para-dice,
2026/11/06,金,『 beyond 』,,https://para-dice.net/,扇町para-dice,
2026/11/06,金,ANYO,,https://para-dice.net/,扇町para-dice,
2026/11/06,金,schizophragm,,https://para-dice.net/,扇町para-dice,
2026/11/06,金,Gentleman Surfer,,https://para-dice.net/,扇町para-dice,
2026/11/07,土,木魚人『不老ツアー』,木魚人『不老ツアー』,https://para-dice.net/,扇町para-dice,
2026/11/07,土,木魚人,木魚人『不老ツアー』,https://para-dice.net/,扇町para-dice,
2026/11/07,土,怪我童子,木魚人『不老ツアー』,https://para-dice.net/,扇町para-dice,
2026/11/07,土,bluekeys,木魚人『不老ツアー』,https://para-dice.net/,扇町para-dice,
2026/11/07,土,ぜんまい,木魚人『不老ツアー』,https://para-dice.net/,扇町para-dice,
2026/11/08,日,『TURNOVER -10th anniversary- ACT 17』,『TURNOVER -10th anniversary- ACT 17,https://para-dice.net/,扇町para-dice,
2026/11/08,日,toitoitoi,『TURNOVER -10th anniversary- ACT 17,https://para-dice.net/,扇町para-dice,
2026/11/08,日,玉手初美 II MEN,『TURNOVER -10th anniversary- ACT 17,https://para-dice.net/,扇町para-dice,
2026/11/08,日,西松亜香音,『TURNOVER -10th anniversary- ACT 17,https://para-dice.net/,扇町para-dice,
2026/11/08,日,花乃 栞,『TURNOVER -10th anniversary- ACT 17,https://para-dice.net/,扇町para-dice,
2026/11/08,日,ロベルト司,『TURNOVER -10th anniversary- ACT 17,https://para-dice.net/,扇町para-dice,
2026/11/09,月,OFF,,https://para-dice.net/,扇町para-dice,
2026/11/10,火,OFF,,https://para-dice.net/,扇町para-dice,
2026/11/11,水,Semimaru,Semimaru / kotona /Jiro Matatabi / 二十人,https://para-dice.net/,扇町para-dice,
2026/11/11,水,kotona,Semimaru / kotona /Jiro Matatabi / 二十人,https://para-dice.net/,扇町para-dice,
2026/11/11,水,Jiro Matatabi,Semimaru / kotona /Jiro Matatabi / 二十人,https://para-dice.net/,扇町para-dice,
2026/11/11,水,二十人 and more...,Semimaru / kotona /Jiro Matatabi / 二十人,https://para-dice.net/,扇町para-dice,
2026/11/12,木,para-dice企画,para-dice企画,https://para-dice.net/,扇町para-dice,
2026/11/12,木,リビドーと悪魔,para-dice企画,https://para-dice.net/,扇町para-dice,
2026/11/12,木,ラウンドヘッド,para-dice企画,https://para-dice.net/,扇町para-dice,
2026/11/12,木,蟻人,para-dice企画,https://para-dice.net/,扇町para-dice,
2026/11/12,木,the blue sundays,para-dice企画,https://para-dice.net/,扇町para-dice,
2026/11/13,金,イマイカリクニヒコ,OPEN 18:30,https://para-dice.net/,扇町para-dice,
2026/11/13,金,Chao's Mall,OPEN 18:30,https://para-dice.net/,扇町para-dice,
2026/11/13,金,カリニャンクール,OPEN 18:30,https://para-dice.net/,扇町para-dice,
2026/11/13,金,Q.E,OPEN 18:30,https://para-dice.net/,扇町para-dice,
2026/11/13,金,The Folking Poors,OPEN 18:30,https://para-dice.net/,扇町para-dice,
2026/11/14,土,Edgar,Edgar(USA) / mango. / ki-wi /  BONE AND SKIN / HiSui,https://para-dice.net/,扇町para-dice,
2026/11/14,土,mango.,Edgar(USA) / mango. / ki-wi /  BONE AND SKIN / HiSui,https://para-dice.net/,扇町para-dice,
2026/11/14,土,ki-wi,Edgar(USA) / mango. / ki-wi /  BONE AND SKIN / HiSui,https://para-dice.net/,扇町para-dice,
2026/11/14,土,BONE AND SKIN,Edgar(USA) / mango. / ki-wi /  BONE AND SKIN / HiSui,https://para-dice.net/,扇町para-dice,
2026/11/14,土,HiSui and more...,Edgar(USA) / mango. / ki-wi /  BONE AND SKIN / HiSui,https://para-dice.net/,扇町para-dice,
2026/11/15,日,TBA,,https://para-dice.net/,扇町para-dice,
2026/11/16,月,OFF,,https://para-dice.net/,扇町para-dice,
2026/11/17,火,TBA,,https://para-dice.net/,扇町para-dice,
2026/11/18,水,おだゆき,OPEN 18:00,https://para-dice.net/,扇町para-dice,
2026/11/18,水,吾妻光記,OPEN 18:00,https://para-dice.net/,扇町para-dice,
2026/11/18,水,YAKIMON kids,OPEN 18:00,https://para-dice.net/,扇町para-dice,
2026/11/18,水,naonari ueda,OPEN 18:00,https://para-dice.net/,扇町para-dice,
2026/11/18,水,エチュバリア,OPEN 18:00,https://para-dice.net/,扇町para-dice,
2026/11/19,木,para-dice企画,para-dice企画,https://para-dice.net/,扇町para-dice,
2026/11/19,木,『 Dahlia imperialis 』,para-dice企画,https://para-dice.net/,扇町para-dice,
2026/11/19,木,藤原弘尭,para-dice企画,https://para-dice.net/,扇町para-dice,
2026/11/19,木,jocojo,para-dice企画,https://para-dice.net/,扇町para-dice,
2026/11/19,木,レレレ,para-dice企画,https://para-dice.net/,扇町para-dice,
2026/11/19,木,金丸亮太,para-dice企画,https://para-dice.net/,扇町para-dice,
2026/11/19,木,藤山拓,para-dice企画,https://para-dice.net/,扇町para-dice,
2026/11/20,金,ろうほう,"ろうほう / Comical Fighters / 田口智章(Muscle of the Soul) /
                
ユースランズ /イシダリョウ / kyoshū",https://para-dice.net/,扇町para-dice,
2026/11/20,金,Comical Fighters,"ろうほう / Comical Fighters / 田口智章(Muscle of the Soul) /
                
ユースランズ /イシダリョウ / kyoshū",https://para-dice.net/,扇町para-dice,
2026/11/20,金,田口智章,"ろうほう / Comical Fighters / 田口智章(Muscle of the Soul) /
                
ユースランズ /イシダリョウ / kyoshū",https://para-dice.net/,扇町para-dice,
2026/11/20,金,ユースランズ,"ろうほう / Comical Fighters / 田口智章(Muscle of the Soul) /
                
ユースランズ /イシダリョウ / kyoshū",https://para-dice.net/,扇町para-dice,
2026/11/20,金,イシダリョウ,"ろうほう / Comical Fighters / 田口智章(Muscle of the Soul) /
                
ユースランズ /イシダリョウ / kyoshū",https://para-dice.net/,扇町para-dice,
2026/11/20,金,kyoshū,"ろうほう / Comical Fighters / 田口智章(Muscle of the Soul) /
                
ユースランズ /イシダリョウ / kyoshū",https://para-dice.net/,扇町para-dice,
2026/11/21,土,gaizao主催公演,,https://para-dice.net/,扇町para-dice,
2026/11/21,土,ミッドナイト サイクリング リサイタルvol.12,,https://para-dice.net/,扇町para-dice,
2026/11/21,土,「オオサカ・びゅーちふる」,,https://para-dice.net/,扇町para-dice,
2026/11/21,土,狂想ドッペル,,https://para-dice.net/,扇町para-dice,
2026/11/21,土,ファーストディナー,,https://para-dice.net/,扇町para-dice,
2026/11/21,土,THE MAYDAY MAYDAY,,https://para-dice.net/,扇町para-dice,
2026/11/21,土,zoyo,,https://para-dice.net/,扇町para-dice,
2026/11/21,土,gaizao,,https://para-dice.net/,扇町para-dice,
2026/11/21,土,開場 17:30,,https://para-dice.net/,扇町para-dice,
2026/11/21,土,開演 18:00,,https://para-dice.net/,扇町para-dice,
2026/11/21,土,https:,,https://para-dice.net/,扇町para-dice,
2026/11/21,土,tiget.net,,https://para-dice.net/,扇町para-dice,
2026/11/21,土,events,,https://para-dice.net/,扇町para-dice,
2026/11/21,土,521366,,https://para-dice.net/,扇町para-dice,
2026/11/22,日,ホールレンタル,,https://para-dice.net/,扇町para-dice,
2026/11/23,月祝,ANIKI BAND企画,ANIKI BAND企画,https://para-dice.net/,扇町para-dice,
2026/11/23,月祝,『ULTIMATE CUSTOM NIGHT 2026』,ANIKI BAND企画,https://para-dice.net/,扇町para-dice,
2026/11/23,月祝,ANIKI BAND CUSTOM,ANIKI BAND企画,https://para-dice.net/,扇町para-dice,
2026/11/23,月祝,ELECTRIC MAMA,ANIKI BAND企画,https://para-dice.net/,扇町para-dice,
2026/11/23,月祝,ハイファイコーヒーズ,ANIKI BAND企画,https://para-dice.net/,扇町para-dice,
2026/11/23,月祝,かりすの死骸,ANIKI BAND企画,https://para-dice.net/,扇町para-dice,
2026/11/23,月祝,第七警察,ANIKI BAND企画,https://para-dice.net/,扇町para-dice,
2026/11/25,水,久保田和之,久保田和之 / DOVE / 谷口雅史 / 灰原正之 / 岡﨑コウユウ / ジェットTAMURA,https://para-dice.net/,扇町para-dice,
2026/11/25,水,DOVE,久保田和之 / DOVE / 谷口雅史 / 灰原正之 / 岡﨑コウユウ / ジェットTAMURA,https://para-dice.net/,扇町para-dice,
2026/11/25,水,谷口雅史,久保田和之 / DOVE / 谷口雅史 / 灰原正之 / 岡﨑コウユウ / ジェットTAMURA,https://para-dice.net/,扇町para-dice,
2026/11/25,水,灰原正之,久保田和之 / DOVE / 谷口雅史 / 灰原正之 / 岡﨑コウユウ / ジェットTAMURA,https://para-dice.net/,扇町para-dice,
2026/11/25,水,岡﨑コウユウ,久保田和之 / DOVE / 谷口雅史 / 灰原正之 / 岡﨑コウユウ / ジェットTAMURA,https://para-dice.net/,扇町para-dice,
2026/11/25,水,ジェットTAMURA,久保田和之 / DOVE / 谷口雅史 / 灰原正之 / 岡﨑コウユウ / ジェットTAMURA,https://para-dice.net/,扇町para-dice,
2026/11/26,木,CURIOUS,CURIOUS / MegaloFizzy / キュンキュンズ,https://para-dice.net/,扇町para-dice,
2026/11/26,木,MegaloFizzy,CURIOUS / MegaloFizzy / キュンキュンズ,https://para-dice.net/,扇町para-dice,
2026/11/26,木,キュンキュンズ and more...,CURIOUS / MegaloFizzy / キュンキュンズ,https://para-dice.net/,扇町para-dice,
2026/11/27,金,lacina,"lacina / カリウタ / nnug / 七歩 / ヘテロズ
              
              / obishi",https://para-dice.net/,扇町para-dice,
2026/11/27,金,カリウタ,"lacina / カリウタ / nnug / 七歩 / ヘテロズ
              
              / obishi",https://para-dice.net/,扇町para-dice,
2026/11/27,金,nnug,"lacina / カリウタ / nnug / 七歩 / ヘテロズ
              
              / obishi",https://para-dice.net/,扇町para-dice,
2026/11/27,金,七歩,"lacina / カリウタ / nnug / 七歩 / ヘテロズ
              
              / obishi",https://para-dice.net/,扇町para-dice,
2026/11/27,金,ヘテロズ,"lacina / カリウタ / nnug / 七歩 / ヘテロズ
              
              / obishi",https://para-dice.net/,扇町para-dice,
2026/11/27,金,obishi,"lacina / カリウタ / nnug / 七歩 / ヘテロズ
              
              / obishi",https://para-dice.net/,扇町para-dice,
2026/11/28,土,TBA,,https://para-dice.net/,扇町para-dice,
2026/11/29,日,madohi,madohi / loveless signal / マッドショットガン / 村瀬裕子 / 夕鳴,https://para-dice.net/,扇町para-dice,
2026/11/29,日,loveless signal,madohi / loveless signal / マッドショットガン / 村瀬裕子 / 夕鳴,https://para-dice.net/,扇町para-dice,
2026/11/29,日,マッドショットガン,madohi / loveless signal / マッドショットガン / 村瀬裕子 / 夕鳴,https://para-dice.net/,扇町para-dice,
2026/11/29,日,村瀬裕子,madohi / loveless signal / マッドショットガン / 村瀬裕子 / 夕鳴,https://para-dice.net/,扇町para-dice,
2026/11/29,日,夕鳴  and more...,madohi / loveless signal / マッドショットガン / 村瀬裕子 / 夕鳴,https://para-dice.net/,扇町para-dice,
2026/11/30,月,Rentaro,"Rentaro / Seisuke / ネオクマグス / 安脳ン(unknown) /
              
              奴亦准electric",https://para-dice.net/,扇町para-dice,
2026/11/30,月,Seisuke,"Rentaro / Seisuke / ネオクマグス / 安脳ン(unknown) /
              
              奴亦准electric",https://para-dice.net/,扇町para-dice,
2026/11/30,月,ネオクマグス,"Rentaro / Seisuke / ネオクマグス / 安脳ン(unknown) /
              
              奴亦准electric",https://para-dice.net/,扇町para-dice,
2026/11/30,月,安脳ン,"Rentaro / Seisuke / ネオクマグス / 安脳ン(unknown) /
              
              奴亦准electric",https://para-dice.net/,扇町para-dice,
2026/11/30,月,奴亦准electric and more...,"Rentaro / Seisuke / ネオクマグス / 安脳ン(unknown) /
              
              奴亦准electric",https://para-dice.net/,扇町para-dice,
2026/12/01,火,OFF,,https://para-dice.net/,扇町para-dice,
2026/12/02,水,Dead Happy,Dead Happy(UK) / エチュバリア / 自転車SO業舎 / 二十人 / Nancy-Punch,https://para-dice.net/,扇町para-dice,
2026/12/02,水,エチュバリア,Dead Happy(UK) / エチュバリア / 自転車SO業舎 / 二十人 / Nancy-Punch,https://para-dice.net/,扇町para-dice,
2026/12/02,水,自転車SO業舎,Dead Happy(UK) / エチュバリア / 自転車SO業舎 / 二十人 / Nancy-Punch,https://para-dice.net/,扇町para-dice,
2026/12/02,水,二十人,Dead Happy(UK) / エチュバリア / 自転車SO業舎 / 二十人 / Nancy-Punch,https://para-dice.net/,扇町para-dice,
2026/12/02,水,Nancy-Punch,Dead Happy(UK) / エチュバリア / 自転車SO業舎 / 二十人 / Nancy-Punch,https://para-dice.net/,扇町para-dice,
2026/12/03,木,ツネ。,,https://para-dice.net/,扇町para-dice,
2026/12/03,木,mickey,,https://para-dice.net/,扇町para-dice,
2026/12/03,木,那衣,,https://para-dice.net/,扇町para-dice,
2026/12/03,木,意識,,https://para-dice.net/,扇町para-dice,
2026/12/03,木,テコ,,https://para-dice.net/,扇町para-dice,
2026/12/03,木,池原匡一郎,,https://para-dice.net/,扇町para-dice,
2026/12/04,金,karasuuri,,https://para-dice.net/,扇町para-dice,
2026/12/04,金,WithRungeer,,https://para-dice.net/,扇町para-dice,
2026/12/04,金,GOLDFISH ADVENTURE and more...,,https://para-dice.net/,扇町para-dice,
2026/12/06,日,直撃バキューミー,,https://para-dice.net/,扇町para-dice,
2026/12/06,日,生まれたての鯨,,https://para-dice.net/,扇町para-dice,
2026/12/06,日,白夜,,https://para-dice.net/,扇町para-dice,
2026/12/06,日,OVERBOILS,,https://para-dice.net/,扇町para-dice,
2026/12/06,日,RUST,,https://para-dice.net/,扇町para-dice,
2026/12/06,日,トロイと僕らは,,https://para-dice.net/,扇町para-dice,
2026/12/07,月,コノカーン,コノカーン / べーしょー / モリ やすヒロ / ワタリガラス / 鴨しんご,https://para-dice.net/,扇町para-dice,
2026/12/07,月,べーしょー,コノカーン / べーしょー / モリ やすヒロ / ワタリガラス / 鴨しんご,https://para-dice.net/,扇町para-dice,
2026/12/07,月,モリ やすヒロ,コノカーン / べーしょー / モリ やすヒロ / ワタリガラス / 鴨しんご,https://para-dice.net/,扇町para-dice,
2026/12/07,月,ワタリガラス,コノカーン / べーしょー / モリ やすヒロ / ワタリガラス / 鴨しんご,https://para-dice.net/,扇町para-dice,
2026/12/07,月,鴨しんご,コノカーン / べーしょー / モリ やすヒロ / ワタリガラス / 鴨しんご,https://para-dice.net/,扇町para-dice,
2026/12/08,火,OFF,,https://para-dice.net/,扇町para-dice,
2026/12/09,水,para-dice企画,para-dice企画,https://para-dice.net/,扇町para-dice,
2026/12/09,水,Kohei Okutani,para-dice企画,https://para-dice.net/,扇町para-dice,
2026/12/09,水,The Shinkos,para-dice企画,https://para-dice.net/,扇町para-dice,
2026/12/09,水,伊丹箱柾,para-dice企画,https://para-dice.net/,扇町para-dice,
2026/12/09,水,春田玄 and more...,para-dice企画,https://para-dice.net/,扇町para-dice,
2026/12/10,木,Nothing Feels Real presents,,https://para-dice.net/,扇町para-dice,
2026/12/10,木,『 awakebutstillinbed,,https://para-dice.net/,扇町para-dice,
2026/12/10,木,Thirds Japan Tour 2026,,https://para-dice.net/,扇町para-dice,
2026/12/10,木,with Tomato Ketchup Boys 』,,https://para-dice.net/,扇町para-dice,
2026/12/10,木,awakebutstillinbed,,https://para-dice.net/,扇町para-dice,
2026/12/10,木,Thirds,,https://para-dice.net/,扇町para-dice,
2026/12/10,木,Tomato Ketchup Boys,,https://para-dice.net/,扇町para-dice,
2026/12/10,木,and more...,,https://para-dice.net/,扇町para-dice,
2026/12/10,木,https:,,https://para-dice.net/,扇町para-dice,
2026/12/10,木,nothingfeelsreal.square.site,,https://para-dice.net/,扇町para-dice,
2026/12/10,木,ツアー詳細,,https://para-dice.net/,扇町para-dice,
2026/12/11,金,synchre,synchre / Hitotonari / El Primo / JACKSTRAW,https://para-dice.net/,扇町para-dice,
2026/12/11,金,Hitotonari,synchre / Hitotonari / El Primo / JACKSTRAW,https://para-dice.net/,扇町para-dice,
2026/12/11,金,El Primo,synchre / Hitotonari / El Primo / JACKSTRAW,https://para-dice.net/,扇町para-dice,
2026/12/11,金,JACKSTRAW  and more...,synchre / Hitotonari / El Primo / JACKSTRAW,https://para-dice.net/,扇町para-dice,
2026/12/12,土,TBA,,https://para-dice.net/,扇町para-dice,
2026/12/13,日,CODE☆BLUE,CODE☆BLUE / spiral chai / 七色ストリッパー / ヒヅキシンジ / ヘテロズ / きまぐれ☆まゃバンド,https://para-dice.net/,扇町para-dice,
2026/12/13,日,spiral chai,CODE☆BLUE / spiral chai / 七色ストリッパー / ヒヅキシンジ / ヘテロズ / きまぐれ☆まゃバンド,https://para-dice.net/,扇町para-dice,
2026/12/13,日,七色ストリッパー,CODE☆BLUE / spiral chai / 七色ストリッパー / ヒヅキシンジ / ヘテロズ / きまぐれ☆まゃバンド,https://para-dice.net/,扇町para-dice,
2026/12/13,日,ヒヅキシンジ,CODE☆BLUE / spiral chai / 七色ストリッパー / ヒヅキシンジ / ヘテロズ / きまぐれ☆まゃバンド,https://para-dice.net/,扇町para-dice,
2026/12/13,日,ヘテロズ,CODE☆BLUE / spiral chai / 七色ストリッパー / ヒヅキシンジ / ヘテロズ / きまぐれ☆まゃバンド,https://para-dice.net/,扇町para-dice,
2026/12/13,日,きまぐれ☆まゃバンド,CODE☆BLUE / spiral chai / 七色ストリッパー / ヒヅキシンジ / ヘテロズ / きまぐれ☆まゃバンド,https://para-dice.net/,扇町para-dice,
2026/12/14,月,OFF,,https://para-dice.net/,扇町para-dice,
2026/12/15,火,松延慎吾,松延慎吾 / (   ),https://para-dice.net/,扇町para-dice,
2026/12/15,火,and more...,松延慎吾 / (   ),https://para-dice.net/,扇町para-dice,
2026/12/16,水,SSS,SSS / Mo’ Mango / ヨギ サネキ / わをん(Rukka),https://para-dice.net/,扇町para-dice,
2026/12/16,水,Mo’ Mango,SSS / Mo’ Mango / ヨギ サネキ / わをん(Rukka),https://para-dice.net/,扇町para-dice,
2026/12/16,水,ヨギ サネキ,SSS / Mo’ Mango / ヨギ サネキ / わをん(Rukka),https://para-dice.net/,扇町para-dice,
2026/12/16,水,わをん  and more...,SSS / Mo’ Mango / ヨギ サネキ / わをん(Rukka),https://para-dice.net/,扇町para-dice,
2026/12/17,木,para-dice企画,para-dice企画,https://para-dice.net/,扇町para-dice,
2026/12/17,木,birds melt sky,para-dice企画,https://para-dice.net/,扇町para-dice,
2026/12/17,木,noble oak,para-dice企画,https://para-dice.net/,扇町para-dice,
2026/12/17,木,LADY FLASH,para-dice企画,https://para-dice.net/,扇町para-dice,
2026/12/17,木,Swim in May,para-dice企画,https://para-dice.net/,扇町para-dice,
2026/12/17,木,telepathy and more...,para-dice企画,https://para-dice.net/,扇町para-dice,
2026/12/18,金,マッドショットガン and more...,マッドショットガン,https://para-dice.net/,扇町para-dice,
2026/12/19,土,ダイバーキリン企画,ダイバーキリン企画,https://para-dice.net/,扇町para-dice,
2026/12/19,土,『 きせつのかわりめ 』,ダイバーキリン企画,https://para-dice.net/,扇町para-dice,
2026/12/19,土,ダイバーキリン,ダイバーキリン企画,https://para-dice.net/,扇町para-dice,
2026/12/19,土,plop,ダイバーキリン企画,https://para-dice.net/,扇町para-dice,
2026/12/19,土,神棚On the Wall,ダイバーキリン企画,https://para-dice.net/,扇町para-dice,
2026/12/19,土,OHP,ダイバーキリン企画,https://para-dice.net/,扇町para-dice,
2026/12/19,土,THE SHITMS,ダイバーキリン企画,https://para-dice.net/,扇町para-dice,
2026/12/19,土,ヒダリ,ダイバーキリン企画,https://para-dice.net/,扇町para-dice,
2026/12/20,日,para-dice企画,para-dice企画,https://para-dice.net/,扇町para-dice,
2026/12/20,日,サコーンズ,para-dice企画,https://para-dice.net/,扇町para-dice,
2026/12/20,日,ジョズエ,para-dice企画,https://para-dice.net/,扇町para-dice,
2026/12/20,日,ニューマッセⅡ,para-dice企画,https://para-dice.net/,扇町para-dice,
2026/12/20,日,バイセーシ,para-dice企画,https://para-dice.net/,扇町para-dice,
2026/12/20,日,ラウンドヘッド and more...,para-dice企画,https://para-dice.net/,扇町para-dice,
2026/12/21,月,蛍,,https://para-dice.net/,扇町para-dice,
2026/12/21,月,まさき,,https://para-dice.net/,扇町para-dice,
2026/12/21,月,文雨伽奈,,https://para-dice.net/,扇町para-dice,
2026/12/21,月,MIKI,,https://para-dice.net/,扇町para-dice,
2026/12/21,月,イタミトクニン+Rie Lee+柾,,https://para-dice.net/,扇町para-dice,
2026/12/22,火,ude,ude / moodress,https://para-dice.net/,扇町para-dice,
2026/12/22,火,moodress and more...,ude / moodress,https://para-dice.net/,扇町para-dice,
2026/12/23,水,Semimaru,Semimaru / 歪みの国のチェルシー / minä minä,https://para-dice.net/,扇町para-dice,
2026/12/23,水,歪みの国のチェルシー,Semimaru / 歪みの国のチェルシー / minä minä,https://para-dice.net/,扇町para-dice,
2026/12/23,水,minä minä  and more...,Semimaru / 歪みの国のチェルシー / minä minä,https://para-dice.net/,扇町para-dice,
2026/12/25,金,OFF,,https://para-dice.net/,扇町para-dice,
2026/12/26,土,TBA,,https://para-dice.net/,扇町para-dice,
2026/12/27,日,para-dice企画,para-dice企画,https://para-dice.net/,扇町para-dice,
2026/12/27,日,まめのきウェンズデイ,para-dice企画,https://para-dice.net/,扇町para-dice,
2026/12/27,日,藤原弘尭,para-dice企画,https://para-dice.net/,扇町para-dice,
2026/12/27,日,the uoza  and more...,para-dice企画,https://para-dice.net/,扇町para-dice,
2026/12/28,月,OFF,,https://para-dice.net/,扇町para-dice,
2026/12/29,火,para-dice企画,para-dice企画,https://para-dice.net/,扇町para-dice,
2026/12/29,火,かりすの死骸,para-dice企画,https://para-dice.net/,扇町para-dice,
2026/12/29,火,ZOOZ and more...,para-dice企画,https://para-dice.net/,扇町para-dice,
2026/12/30,水,OFF,,https://para-dice.net/,扇町para-dice,
2026/12/31,木,OFF,,https://para-dice.net/,扇町para-dice,
2026/10/01,木,ココラシカ,【playgrounds】 vol.6 - club vijon 24th anniversary -,https://vijon.jp/schedule/detail/55287,北堀江club vijon,
2026/10/01,木,holoyoi,【playgrounds】 vol.6 - club vijon 24th anniversary -,https://vijon.jp/schedule/detail/55287,北堀江club vijon,
2026/10/01,木,A peace of cake,【playgrounds】 vol.6 - club vijon 24th anniversary -,https://vijon.jp/schedule/detail/55287,北堀江club vijon,
2026/10/01,木,カラメルパーラー,【playgrounds】 vol.6 - club vijon 24th anniversary -,https://vijon.jp/schedule/detail/55287,北堀江club vijon,
2026/10/01,木,Sweets,【playgrounds】 vol.6 - club vijon 24th anniversary -,https://vijon.jp/schedule/detail/55287,北堀江club vijon,
2026/10/01,木,ヒグレノソラニ,【playgrounds】 vol.6 - club vijon 24th anniversary -,https://vijon.jp/schedule/detail/55287,北堀江club vijon,
2026/10/01,木,ユメノツヅキ,【playgrounds】 vol.6 - club vijon 24th anniversary -,https://vijon.jp/schedule/detail/55287,北堀江club vijon,
2026/10/02,金,VAR'MILION,VAR'MILION 5th Anniversary × club vijon 24th Anniversary ～ForeverNIGHT～,https://vijon.jp/schedule/detail/53426,北堀江club vijon,
2026/10/02,金,sirokunote,VAR'MILION 5th Anniversary × club vijon 24th Anniversary ～ForeverNIGHT～,https://vijon.jp/schedule/detail/53426,北堀江club vijon,
2026/10/02,金,AILLNESS,VAR'MILION 5th Anniversary × club vijon 24th Anniversary ～ForeverNIGHT～,https://vijon.jp/schedule/detail/53426,北堀江club vijon,
2026/10/02,金,冴我,VAR'MILION 5th Anniversary × club vijon 24th Anniversary ～ForeverNIGHT～,https://vijon.jp/schedule/detail/53426,北堀江club vijon,
2026/10/02,金,DisGust Yew,VAR'MILION 5th Anniversary × club vijon 24th Anniversary ～ForeverNIGHT～,https://vijon.jp/schedule/detail/53426,北堀江club vijon,
2026/10/02,金,城山彩涼 MISODOLL,VAR'MILION 5th Anniversary × club vijon 24th Anniversary ～ForeverNIGHT～,https://vijon.jp/schedule/detail/53426,北堀江club vijon,
2026/10/03,土,ディノゾール,Christopher,https://vijon.jp/schedule/detail/54531,北堀江club vijon,
2026/10/03,土,マギマギ研修生,Christopher,https://vijon.jp/schedule/detail/54531,北堀江club vijon,
2026/10/03,土,SANUGLOW,Christopher,https://vijon.jp/schedule/detail/54531,北堀江club vijon,
2026/10/03,土,アブソプ,アブソプ単独公演,https://vijon.jp/schedule/detail/56562,北堀江club vijon,
2026/10/03,土,GRINOAH,scramble,https://vijon.jp/schedule/detail/56563,北堀江club vijon,
2026/10/03,土,#PANnana,第零地区,https://vijon.jp/schedule/detail/56564,北堀江club vijon,
2026/10/03,土,にぃよん!,第零地区,https://vijon.jp/schedule/detail/56564,北堀江club vijon,
2026/10/03,土,ゼロキョリハーツ,第零地区,https://vijon.jp/schedule/detail/56564,北堀江club vijon,
2026/10/03,土,むげんこんぜ,第零地区,https://vijon.jp/schedule/detail/56564,北堀江club vijon,
2026/10/03,土,+Alpha ※当初出演予定だったLumi Prima,第零地区,https://vijon.jp/schedule/detail/56564,北堀江club vijon,
2026/10/03,土,LOTUS MARRYはキャンセルとなっております,第零地区,https://vijon.jp/schedule/detail/56564,北堀江club vijon,
2026/10/03,土,GUEST,“CAOFF WEST 217”＜カオフ・ウエスト 217＞,https://vijon.jp/schedule/detail/56275,北堀江club vijon,
2026/10/03,土,DJ：onion(ででんぱ,“CAOFF WEST 217”＜カオフ・ウエスト 217＞,https://vijon.jp/schedule/detail/56275,北堀江club vijon,
2026/10/03,土,AniLab),“CAOFF WEST 217”＜カオフ・ウエスト 217＞,https://vijon.jp/schedule/detail/56275,北堀江club vijon,
2026/10/03,土,みらちゃん☆(すきっこ♪いいんかい,“CAOFF WEST 217”＜カオフ・ウエスト 217＞,https://vijon.jp/schedule/detail/56275,北堀江club vijon,
2026/10/03,土,Neon Geesis),“CAOFF WEST 217”＜カオフ・ウエスト 217＞,https://vijon.jp/schedule/detail/56275,北堀江club vijon,
2026/10/03,土,おじさん(オタモク,“CAOFF WEST 217”＜カオフ・ウエスト 217＞,https://vijon.jp/schedule/detail/56275,北堀江club vijon,
2026/10/03,土,クラえもん,“CAOFF WEST 217”＜カオフ・ウエスト 217＞,https://vijon.jp/schedule/detail/56275,北堀江club vijon,
2026/10/03,土,ゼロイチユニオン,“CAOFF WEST 217”＜カオフ・ウエスト 217＞,https://vijon.jp/schedule/detail/56275,北堀江club vijon,
2026/10/03,土,レイワニ),“CAOFF WEST 217”＜カオフ・ウエスト 217＞,https://vijon.jp/schedule/detail/56275,北堀江club vijon,
2026/10/03,土,VJ：団長,“CAOFF WEST 217”＜カオフ・ウエスト 217＞,https://vijon.jp/schedule/detail/56275,北堀江club vijon,
2026/10/03,土,&CAOFF CREW,“CAOFF WEST 217”＜カオフ・ウエスト 217＞,https://vijon.jp/schedule/detail/56275,北堀江club vijon,
2026/10/04,日,Monster Cat’ｓ,Monster Cat's 東名阪福 HANG OVER TOUR 2026,https://vijon.jp/schedule/detail/50693,北堀江club vijon,
2026/10/04,日,RIZZ,Monster Cat's 東名阪福 HANG OVER TOUR 2026,https://vijon.jp/schedule/detail/50693,北堀江club vijon,
2026/10/04,日,4WORD,Monster Cat's 東名阪福 HANG OVER TOUR 2026,https://vijon.jp/schedule/detail/50693,北堀江club vijon,
2026/10/05,月,北畑欽也 池田篤,club vijon pre.【50ARTISTS 1SONG】- club vijon 24th anniversary -,https://vijon.jp/schedule/detail/53083,北堀江club vijon,
2026/10/05,月,山本昂斗,club vijon pre.【50ARTISTS 1SONG】- club vijon 24th anniversary -,https://vijon.jp/schedule/detail/53083,北堀江club vijon,
2026/10/05,月,那須野,club vijon pre.【50ARTISTS 1SONG】- club vijon 24th anniversary -,https://vijon.jp/schedule/detail/53083,北堀江club vijon,
2026/10/05,月,だいち,club vijon pre.【50ARTISTS 1SONG】- club vijon 24th anniversary -,https://vijon.jp/schedule/detail/53083,北堀江club vijon,
2026/10/05,月,せと,club vijon pre.【50ARTISTS 1SONG】- club vijon 24th anniversary -,https://vijon.jp/schedule/detail/53083,北堀江club vijon,
2026/10/05,月,山口建人,club vijon pre.【50ARTISTS 1SONG】- club vijon 24th anniversary -,https://vijon.jp/schedule/detail/53083,北堀江club vijon,
2026/10/05,月,せきぐち,club vijon pre.【50ARTISTS 1SONG】- club vijon 24th anniversary -,https://vijon.jp/schedule/detail/53083,北堀江club vijon,
2026/10/05,月,かず,club vijon pre.【50ARTISTS 1SONG】- club vijon 24th anniversary -,https://vijon.jp/schedule/detail/53083,北堀江club vijon,
2026/10/05,月,Nagui,club vijon pre.【50ARTISTS 1SONG】- club vijon 24th anniversary -,https://vijon.jp/schedule/detail/53083,北堀江club vijon,
2026/10/05,月,松久保竜也,club vijon pre.【50ARTISTS 1SONG】- club vijon 24th anniversary -,https://vijon.jp/schedule/detail/53083,北堀江club vijon,
2026/10/05,月,たかと,club vijon pre.【50ARTISTS 1SONG】- club vijon 24th anniversary -,https://vijon.jp/schedule/detail/53083,北堀江club vijon,
2026/10/05,月,琉也,club vijon pre.【50ARTISTS 1SONG】- club vijon 24th anniversary -,https://vijon.jp/schedule/detail/53083,北堀江club vijon,
2026/10/05,月,大江武圭留,club vijon pre.【50ARTISTS 1SONG】- club vijon 24th anniversary -,https://vijon.jp/schedule/detail/53083,北堀江club vijon,
2026/10/05,月,ゆくほ,club vijon pre.【50ARTISTS 1SONG】- club vijon 24th anniversary -,https://vijon.jp/schedule/detail/53083,北堀江club vijon,
2026/10/05,月,星愛,club vijon pre.【50ARTISTS 1SONG】- club vijon 24th anniversary -,https://vijon.jp/schedule/detail/53083,北堀江club vijon,
2026/10/05,月,イソアイフウキ,club vijon pre.【50ARTISTS 1SONG】- club vijon 24th anniversary -,https://vijon.jp/schedule/detail/53083,北堀江club vijon,
2026/10/05,月,小倉海,club vijon pre.【50ARTISTS 1SONG】- club vijon 24th anniversary -,https://vijon.jp/schedule/detail/53083,北堀江club vijon,
2026/10/05,月,ふゆつぐ,club vijon pre.【50ARTISTS 1SONG】- club vijon 24th anniversary -,https://vijon.jp/schedule/detail/53083,北堀江club vijon,
2026/10/05,月,千賀岳人,club vijon pre.【50ARTISTS 1SONG】- club vijon 24th anniversary -,https://vijon.jp/schedule/detail/53083,北堀江club vijon,
2026/10/05,月,凱,club vijon pre.【50ARTISTS 1SONG】- club vijon 24th anniversary -,https://vijon.jp/schedule/detail/53083,北堀江club vijon,
2026/10/05,月,ナルト,club vijon pre.【50ARTISTS 1SONG】- club vijon 24th anniversary -,https://vijon.jp/schedule/detail/53083,北堀江club vijon,
2026/10/05,月,あや,club vijon pre.【50ARTISTS 1SONG】- club vijon 24th anniversary -,https://vijon.jp/schedule/detail/53083,北堀江club vijon,
2026/10/05,月,秀翔,club vijon pre.【50ARTISTS 1SONG】- club vijon 24th anniversary -,https://vijon.jp/schedule/detail/53083,北堀江club vijon,
2026/10/05,月,Shuto,club vijon pre.【50ARTISTS 1SONG】- club vijon 24th anniversary -,https://vijon.jp/schedule/detail/53083,北堀江club vijon,
2026/10/05,月,りゅう,club vijon pre.【50ARTISTS 1SONG】- club vijon 24th anniversary -,https://vijon.jp/schedule/detail/53083,北堀江club vijon,
2026/10/05,月,あきむね,club vijon pre.【50ARTISTS 1SONG】- club vijon 24th anniversary -,https://vijon.jp/schedule/detail/53083,北堀江club vijon,
2026/10/05,月,まなやだ,club vijon pre.【50ARTISTS 1SONG】- club vijon 24th anniversary -,https://vijon.jp/schedule/detail/53083,北堀江club vijon,
2026/10/05,月,ダイキ,club vijon pre.【50ARTISTS 1SONG】- club vijon 24th anniversary -,https://vijon.jp/schedule/detail/53083,北堀江club vijon,
2026/10/05,月,さやか,club vijon pre.【50ARTISTS 1SONG】- club vijon 24th anniversary -,https://vijon.jp/schedule/detail/53083,北堀江club vijon,
2026/10/05,月,中濱 公惺,club vijon pre.【50ARTISTS 1SONG】- club vijon 24th anniversary -,https://vijon.jp/schedule/detail/53083,北堀江club vijon,
2026/10/05,月,今岡ヒロト,club vijon pre.【50ARTISTS 1SONG】- club vijon 24th anniversary -,https://vijon.jp/schedule/detail/53083,北堀江club vijon,
2026/10/05,月,龍之介,club vijon pre.【50ARTISTS 1SONG】- club vijon 24th anniversary -,https://vijon.jp/schedule/detail/53083,北堀江club vijon,
2026/10/05,月,育吹,club vijon pre.【50ARTISTS 1SONG】- club vijon 24th anniversary -,https://vijon.jp/schedule/detail/53083,北堀江club vijon,
2026/10/05,月,きゃみ,club vijon pre.【50ARTISTS 1SONG】- club vijon 24th anniversary -,https://vijon.jp/schedule/detail/53083,北堀江club vijon,
2026/10/05,月,sugiyama,club vijon pre.【50ARTISTS 1SONG】- club vijon 24th anniversary -,https://vijon.jp/schedule/detail/53083,北堀江club vijon,
2026/10/05,月,雅空,club vijon pre.【50ARTISTS 1SONG】- club vijon 24th anniversary -,https://vijon.jp/schedule/detail/53083,北堀江club vijon,
2026/10/05,月,Anri,club vijon pre.【50ARTISTS 1SONG】- club vijon 24th anniversary -,https://vijon.jp/schedule/detail/53083,北堀江club vijon,
2026/10/05,月,北野たいら,club vijon pre.【50ARTISTS 1SONG】- club vijon 24th anniversary -,https://vijon.jp/schedule/detail/53083,北堀江club vijon,
2026/10/05,月,SiNT,club vijon pre.【50ARTISTS 1SONG】- club vijon 24th anniversary -,https://vijon.jp/schedule/detail/53083,北堀江club vijon,
2026/10/05,月,植野将史,club vijon pre.【50ARTISTS 1SONG】- club vijon 24th anniversary -,https://vijon.jp/schedule/detail/53083,北堀江club vijon,
2026/10/05,月,宮下匡雅,club vijon pre.【50ARTISTS 1SONG】- club vijon 24th anniversary -,https://vijon.jp/schedule/detail/53083,北堀江club vijon,
2026/10/05,月,ミサキ,club vijon pre.【50ARTISTS 1SONG】- club vijon 24th anniversary -,https://vijon.jp/schedule/detail/53083,北堀江club vijon,
2026/10/05,月,大地,club vijon pre.【50ARTISTS 1SONG】- club vijon 24th anniversary -,https://vijon.jp/schedule/detail/53083,北堀江club vijon,
2026/10/05,月,弦,club vijon pre.【50ARTISTS 1SONG】- club vijon 24th anniversary -,https://vijon.jp/schedule/detail/53083,北堀江club vijon,
2026/10/05,月,蛇使いバーボン デリカ・チッキン,club vijon pre.【50ARTISTS 1SONG】- club vijon 24th anniversary -,https://vijon.jp/schedule/detail/53083,北堀江club vijon,
2026/10/06,火,妖狐繚乱,妖狐繚乱  藤原タケル×ネテルダイヤ  りるれらん 異種狐剛！？2マン合同生誕祭！！,https://vijon.jp/schedule/detail/52384,北堀江club vijon,
2026/10/06,火,ネテルダイヤ,妖狐繚乱  藤原タケル×ネテルダイヤ  りるれらん 異種狐剛！？2マン合同生誕祭！！,https://vijon.jp/schedule/detail/52384,北堀江club vijon,
2026/10/07,水,ABECK,club vijon 24th Anniversary pre.【Memento Moment】,https://vijon.jp/schedule/detail/52624,北堀江club vijon,
2026/10/07,水,余生,club vijon 24th Anniversary pre.【Memento Moment】,https://vijon.jp/schedule/detail/52624,北堀江club vijon,
2026/10/07,水,Ash Drop,club vijon 24th Anniversary pre.【Memento Moment】,https://vijon.jp/schedule/detail/52624,北堀江club vijon,
2026/10/07,水,ノタロネ,club vijon 24th Anniversary pre.【Memento Moment】,https://vijon.jp/schedule/detail/52624,北堀江club vijon,
2026/10/07,水,The Cushions,club vijon 24th Anniversary pre.【Memento Moment】,https://vijon.jp/schedule/detail/52624,北堀江club vijon,
2026/10/07,水,山口建人 ※出演を予定しておりました、こころ模様は諸事情により出演がキャンセルとなりました。代打として、山口建人が出演いたします。,club vijon 24th Anniversary pre.【Memento Moment】,https://vijon.jp/schedule/detail/52624,北堀江club vijon,
2026/10/08,木,SiNT,"SiNT Pre.""1st Albam 'Letter to Youth'Release Event""",https://vijon.jp/schedule/detail/49858,北堀江club vijon,
2026/10/08,木,市川大樹,"SiNT Pre.""1st Albam 'Letter to Youth'Release Event""",https://vijon.jp/schedule/detail/49858,北堀江club vijon,
2026/10/08,木,瀧本結月,"SiNT Pre.""1st Albam 'Letter to Youth'Release Event""",https://vijon.jp/schedule/detail/49858,北堀江club vijon,
2026/10/08,木,scrambles,"SiNT Pre.""1st Albam 'Letter to Youth'Release Event""",https://vijon.jp/schedule/detail/49858,北堀江club vijon,
2026/10/08,木,KALASU,"SiNT Pre.""1st Albam 'Letter to Youth'Release Event""",https://vijon.jp/schedule/detail/49858,北堀江club vijon,
2026/10/09,金,彩月莉愛,彩月莉愛5周年ワンマンライブ 『LOUDER THAN EVER』,https://vijon.jp/schedule/detail/53585,北堀江club vijon,
2026/10/10,土,オハ,Maxell presents FM802 MINAMI WHEEL 2026,https://vijon.jp/schedule/detail/53993,北堀江club vijon,
2026/10/10,土,赤いくらげ,Maxell presents FM802 MINAMI WHEEL 2026,https://vijon.jp/schedule/detail/53993,北堀江club vijon,
2026/10/10,土,ろぜっと゜,Maxell presents FM802 MINAMI WHEEL 2026,https://vijon.jp/schedule/detail/53993,北堀江club vijon,
2026/10/10,土,いろかにほへと,Maxell presents FM802 MINAMI WHEEL 2026,https://vijon.jp/schedule/detail/53993,北堀江club vijon,
2026/10/10,土,Re.ripe,Maxell presents FM802 MINAMI WHEEL 2026,https://vijon.jp/schedule/detail/53993,北堀江club vijon,
2026/10/10,土,Jene,Maxell presents FM802 MINAMI WHEEL 2026,https://vijon.jp/schedule/detail/53993,北堀江club vijon,
2026/10/10,土,クロムレイリー,Maxell presents FM802 MINAMI WHEEL 2026,https://vijon.jp/schedule/detail/53993,北堀江club vijon,
2026/10/10,土,テレビ大陸音頭,Maxell presents FM802 MINAMI WHEEL 2026,https://vijon.jp/schedule/detail/53993,北堀江club vijon,
2026/10/10,土,kasane,ミナホアフター物語【たこかに合戦】,https://vijon.jp/schedule/detail/55468,北堀江club vijon,
2026/10/11,日,AND CALL.,Maxell presents FM802 MINAMI WHEEL 2026,https://vijon.jp/schedule/detail/53994,北堀江club vijon,
2026/10/11,日,さゆに！,Maxell presents FM802 MINAMI WHEEL 2026,https://vijon.jp/schedule/detail/53994,北堀江club vijon,
2026/10/11,日,Khamai Leon,Maxell presents FM802 MINAMI WHEEL 2026,https://vijon.jp/schedule/detail/53994,北堀江club vijon,
2026/10/11,日,Shom,Maxell presents FM802 MINAMI WHEEL 2026,https://vijon.jp/schedule/detail/53994,北堀江club vijon,
2026/10/11,日,ザ・あどばん,Maxell presents FM802 MINAMI WHEEL 2026,https://vijon.jp/schedule/detail/53994,北堀江club vijon,
2026/10/11,日,デビューまでスラストンズ,Maxell presents FM802 MINAMI WHEEL 2026,https://vijon.jp/schedule/detail/53994,北堀江club vijon,
2026/10/11,日,THE JAPANESE PRIDE,Maxell presents FM802 MINAMI WHEEL 2026,https://vijon.jp/schedule/detail/53994,北堀江club vijon,
2026/10/11,日,吉凶わからず、,Maxell presents FM802 MINAMI WHEEL 2026,https://vijon.jp/schedule/detail/53994,北堀江club vijon,
2026/10/11,日,め組,【MASAKA WHEEL】- マサカホイール - MINAMI WHEEL EDITION × club vijon 24th anniversary,https://vijon.jp/schedule/detail/55716,北堀江club vijon,
2026/10/11,日,カレラ あつにゃん,【MASAKA WHEEL】- マサカホイール - MINAMI WHEEL EDITION × club vijon 24th anniversary,https://vijon.jp/schedule/detail/55716,北堀江club vijon,
2026/10/12,月,夜叉子,Maxell presents FM802 MINAMI WHEEL 2026,https://vijon.jp/schedule/detail/53995,北堀江club vijon,
2026/10/12,月,The Märbles,Maxell presents FM802 MINAMI WHEEL 2026,https://vijon.jp/schedule/detail/53995,北堀江club vijon,
2026/10/12,月,余生,Maxell presents FM802 MINAMI WHEEL 2026,https://vijon.jp/schedule/detail/53995,北堀江club vijon,
2026/10/12,月,o_al,Maxell presents FM802 MINAMI WHEEL 2026,https://vijon.jp/schedule/detail/53995,北堀江club vijon,
2026/10/12,月,V;error,Maxell presents FM802 MINAMI WHEEL 2026,https://vijon.jp/schedule/detail/53995,北堀江club vijon,
2026/10/12,月,THE CLOCKWISE,Maxell presents FM802 MINAMI WHEEL 2026,https://vijon.jp/schedule/detail/53995,北堀江club vijon,
2026/10/12,月,ELEVEN OCEAN,Maxell presents FM802 MINAMI WHEEL 2026,https://vijon.jp/schedule/detail/53995,北堀江club vijon,
2026/10/12,月,naf.,Maxell presents FM802 MINAMI WHEEL 2026,https://vijon.jp/schedule/detail/53995,北堀江club vijon,
2026/10/12,月,a frankenlouie,【MORE WHEEL 2026】,https://vijon.jp/schedule/detail/55588,北堀江club vijon,
2026/10/12,月,Junk Unit,【MORE WHEEL 2026】,https://vijon.jp/schedule/detail/55588,北堀江club vijon,
2026/10/13,火,デビューまでスラストンズ,【IKINARI WHEEL】,https://vijon.jp/schedule/detail/52443,北堀江club vijon,
2026/10/13,火,汐田泰輝,【IKINARI WHEEL】,https://vijon.jp/schedule/detail/52443,北堀江club vijon,
2026/10/13,火,くっつくパピー,【IKINARI WHEEL】,https://vijon.jp/schedule/detail/52443,北堀江club vijon,
2026/10/13,火,オリュウワタル,【IKINARI WHEEL】,https://vijon.jp/schedule/detail/52443,北堀江club vijon,
2026/10/13,火,ナイトライダーズ and more…,【IKINARI WHEEL】,https://vijon.jp/schedule/detail/52443,北堀江club vijon,
2026/10/15,木,I r i s ?,I r i s ? pre. Concept Live ？目録 - ハテナモクロク - vol.6,https://vijon.jp/schedule/detail/52687,北堀江club vijon,
2026/10/15,木,歪-HIZUMI-,I r i s ? pre. Concept Live ？目録 - ハテナモクロク - vol.6,https://vijon.jp/schedule/detail/52687,北堀江club vijon,
2026/10/15,木,madohi,I r i s ? pre. Concept Live ？目録 - ハテナモクロク - vol.6,https://vijon.jp/schedule/detail/52687,北堀江club vijon,
2026/10/15,木,Conamonoise,I r i s ? pre. Concept Live ？目録 - ハテナモクロク - vol.6,https://vijon.jp/schedule/detail/52687,北堀江club vijon,
2026/10/15,木,文章乞食,I r i s ? pre. Concept Live ？目録 - ハテナモクロク - vol.6,https://vijon.jp/schedule/detail/52687,北堀江club vijon,
2026/10/16,金,STARAXIS,StarAxis X Solamente Osaka TwoMan Live,https://vijon.jp/schedule/detail/55504,北堀江club vijon,
2026/10/16,金,Solamente,StarAxis X Solamente Osaka TwoMan Live,https://vijon.jp/schedule/detail/55504,北堀江club vijon,
2026/10/18,日,THE SIXTH LIE,THE SIXTH LIE 10th Anniversary World Tour “DECADE”,https://vijon.jp/schedule/detail/52344,北堀江club vijon,
2026/10/19,月,ノーサイド・アウトサイダー,club vijon pre. 【OTOSELECT】club vijon 24th anniversary,https://vijon.jp/schedule/detail/54751,北堀江club vijon,
2026/10/19,月,MOMO,club vijon pre. 【OTOSELECT】club vijon 24th anniversary,https://vijon.jp/schedule/detail/54751,北堀江club vijon,
2026/10/19,月,おシャベリな感情,club vijon pre. 【OTOSELECT】club vijon 24th anniversary,https://vijon.jp/schedule/detail/54751,北堀江club vijon,
2026/10/19,月,Laugh Na Mama,club vijon pre. 【OTOSELECT】club vijon 24th anniversary,https://vijon.jp/schedule/detail/54751,北堀江club vijon,
2026/10/19,月,aftersink,club vijon pre. 【OTOSELECT】club vijon 24th anniversary,https://vijon.jp/schedule/detail/54751,北堀江club vijon,
2026/10/20,火,アシガルユース,【人生は上々だ】- club vijon 24th anniversary -,https://vijon.jp/schedule/detail/53577,北堀江club vijon,
2026/10/20,火,THE BAMBOO SPIRITS CLUB,【人生は上々だ】- club vijon 24th anniversary -,https://vijon.jp/schedule/detail/53577,北堀江club vijon,
2026/10/20,火,Mr.EggPlant,【人生は上々だ】- club vijon 24th anniversary -,https://vijon.jp/schedule/detail/53577,北堀江club vijon,
2026/10/20,火,ナイトライダーズ,【人生は上々だ】- club vijon 24th anniversary -,https://vijon.jp/schedule/detail/53577,北堀江club vijon,
2026/10/20,火,NovaFlash,【人生は上々だ】- club vijon 24th anniversary -,https://vijon.jp/schedule/detail/53577,北堀江club vijon,
2026/10/20,火,赤猿,【人生は上々だ】- club vijon 24th anniversary -,https://vijon.jp/schedule/detail/53577,北堀江club vijon,
2026/10/21,水,asmi,【dawn】- club vijon SUPER SAIKOU 24th anniversary -,https://vijon.jp/schedule/detail/54650,北堀江club vijon,
2026/10/21,水,サカグチアミ,【dawn】- club vijon SUPER SAIKOU 24th anniversary -,https://vijon.jp/schedule/detail/54650,北堀江club vijon,
2026/10/22,木,Bloom in Zero,club vijon×Bloom in Zero pre.【ZERΦLIA】,https://vijon.jp/schedule/detail/51932,北堀江club vijon,
2026/10/22,木,FAMILIA,club vijon×Bloom in Zero pre.【ZERΦLIA】,https://vijon.jp/schedule/detail/51932,北堀江club vijon,
2026/10/22,木,チョモンズ,club vijon×Bloom in Zero pre.【ZERΦLIA】,https://vijon.jp/schedule/detail/51932,北堀江club vijon,
2026/10/22,木,All Terminals,club vijon×Bloom in Zero pre.【ZERΦLIA】,https://vijon.jp/schedule/detail/51932,北堀江club vijon,
2026/10/22,木,アレノアレルギー,club vijon×Bloom in Zero pre.【ZERΦLIA】,https://vijon.jp/schedule/detail/51932,北堀江club vijon,
2026/10/22,木,ノルネコ,club vijon×Bloom in Zero pre.【ZERΦLIA】,https://vijon.jp/schedule/detail/51932,北堀江club vijon,
2026/10/23,金,All Terminals,【FOREVER YOUNG】- 周年特別SP -,https://vijon.jp/schedule/detail/54639,北堀江club vijon,
2026/10/23,金,AcroBox,【FOREVER YOUNG】- 周年特別SP -,https://vijon.jp/schedule/detail/54639,北堀江club vijon,
2026/10/23,金,Messy last girl,【FOREVER YOUNG】- 周年特別SP -,https://vijon.jp/schedule/detail/54639,北堀江club vijon,
2026/10/23,金,Fusee,【FOREVER YOUNG】- 周年特別SP -,https://vijon.jp/schedule/detail/54639,北堀江club vijon,
2026/10/23,金,Slipout Blank,【FOREVER YOUNG】- 周年特別SP -,https://vijon.jp/schedule/detail/54639,北堀江club vijon,
2026/10/23,金,THE QOORANZ,【FOREVER YOUNG】- 周年特別SP -,https://vijon.jp/schedule/detail/54639,北堀江club vijon,
2026/10/23,金,Zattt,【FOREVER YOUNG】- 周年特別SP -,https://vijon.jp/schedule/detail/54639,北堀江club vijon,
2026/10/24,土,a frankenlouie,club vijon 24th Anniversary.【HANAR SONIC 2026】DAY1 -HA-,https://vijon.jp/schedule/detail/54009,北堀江club vijon,
2026/10/24,土,rale one stance,club vijon 24th Anniversary.【HANAR SONIC 2026】DAY1 -HA-,https://vijon.jp/schedule/detail/54009,北堀江club vijon,
2026/10/24,土,Stardust Alone,club vijon 24th Anniversary.【HANAR SONIC 2026】DAY1 -HA-,https://vijon.jp/schedule/detail/54009,北堀江club vijon,
2026/10/24,土,DOG☆STAR,club vijon 24th Anniversary.【HANAR SONIC 2026】DAY1 -HA-,https://vijon.jp/schedule/detail/54009,北堀江club vijon,
2026/10/24,土,THE PENGUIN BASE,club vijon 24th Anniversary.【HANAR SONIC 2026】DAY1 -HA-,https://vijon.jp/schedule/detail/54009,北堀江club vijon,
2026/10/24,土,monocalring,club vijon 24th Anniversary.【HANAR SONIC 2026】DAY1 -HA-,https://vijon.jp/schedule/detail/54009,北堀江club vijon,
2026/10/24,土,Melissa Barry,club vijon 24th Anniversary.【HANAR SONIC 2026】DAY1 -HA-,https://vijon.jp/schedule/detail/54009,北堀江club vijon,
2026/10/24,土,ふれふら,club vijon 24th Anniversary.【HANAR SONIC 2026】DAY1 -HA-,https://vijon.jp/schedule/detail/54009,北堀江club vijon,
2026/10/24,土,NA2MI,【HANAR SONIC MANIA】,https://vijon.jp/schedule/detail/55784,北堀江club vijon,
2026/10/24,土,0t.,【HANAR SONIC MANIA】,https://vijon.jp/schedule/detail/55784,北堀江club vijon,
2026/10/24,土,あまちゃん,【HANAR SONIC MANIA】,https://vijon.jp/schedule/detail/55784,北堀江club vijon,
2026/10/24,土,YUA,【HANAR SONIC MANIA】,https://vijon.jp/schedule/detail/55784,北堀江club vijon,
2026/10/24,土,ましろゆりか,【HANAR SONIC MANIA】,https://vijon.jp/schedule/detail/55784,北堀江club vijon,
2026/10/24,土,kyon,【HANAR SONIC MANIA】,https://vijon.jp/schedule/detail/55784,北堀江club vijon,
2026/10/24,土,ポール,【HANAR SONIC MANIA】,https://vijon.jp/schedule/detail/55784,北堀江club vijon,
2026/10/25,日,メタボリックシンジゲート,club vijon 24th Anniversary.【HANAR SONIC 2026】DAY2 -NA-　～東京カメレオン『万彩のファンファーレ・鱗都のラプソディ』Release Live in OSAKA～,https://vijon.jp/schedule/detail/54010,北堀江club vijon,
2026/10/25,日,ハヤシライフ,club vijon 24th Anniversary.【HANAR SONIC 2026】DAY2 -NA-　～東京カメレオン『万彩のファンファーレ・鱗都のラプソディ』Release Live in OSAKA～,https://vijon.jp/schedule/detail/54010,北堀江club vijon,
2026/10/25,日,soratobiwo,club vijon 24th Anniversary.【HANAR SONIC 2026】DAY2 -NA-　～東京カメレオン『万彩のファンファーレ・鱗都のラプソディ』Release Live in OSAKA～,https://vijon.jp/schedule/detail/54010,北堀江club vijon,
2026/10/25,日,TIGER&DRAGON,club vijon 24th Anniversary.【HANAR SONIC 2026】DAY2 -NA-　～東京カメレオン『万彩のファンファーレ・鱗都のラプソディ』Release Live in OSAKA～,https://vijon.jp/schedule/detail/54010,北堀江club vijon,
2026/10/25,日,asano raincoat,club vijon 24th Anniversary.【HANAR SONIC 2026】DAY2 -NA-　～東京カメレオン『万彩のファンファーレ・鱗都のラプソディ』Release Live in OSAKA～,https://vijon.jp/schedule/detail/54010,北堀江club vijon,
2026/10/25,日,東京カメレオン,club vijon 24th Anniversary.【HANAR SONIC 2026】DAY2 -NA-　～東京カメレオン『万彩のファンファーレ・鱗都のラプソディ』Release Live in OSAKA～,https://vijon.jp/schedule/detail/54010,北堀江club vijon,
2026/10/25,日,アトリエコード,club vijon 24th Anniversary.【HANAR SONIC 2026】DAY2 -NA-　～東京カメレオン『万彩のファンファーレ・鱗都のラプソディ』Release Live in OSAKA～,https://vijon.jp/schedule/detail/54010,北堀江club vijon,
2026/10/25,日,kasane,club vijon 24th Anniversary.【HANAR SONIC 2026】DAY2 -NA-　～東京カメレオン『万彩のファンファーレ・鱗都のラプソディ』Release Live in OSAKA～,https://vijon.jp/schedule/detail/54010,北堀江club vijon,
2026/10/26,月,アキラ,club vijon 24th Anniversary【VIJON ICHIBAN】～第4回ドラムバトル王座決定戦＆第2回 BISTRO VIJON 2026～,https://vijon.jp/schedule/detail/53317,北堀江club vijon,
2026/10/26,月,adio,club vijon 24th Anniversary【VIJON ICHIBAN】～第4回ドラムバトル王座決定戦＆第2回 BISTRO VIJON 2026～,https://vijon.jp/schedule/detail/53317,北堀江club vijon,
2026/10/26,月,延命寺 a.k.a emj,club vijon 24th Anniversary【VIJON ICHIBAN】～第4回ドラムバトル王座決定戦＆第2回 BISTRO VIJON 2026～,https://vijon.jp/schedule/detail/53317,北堀江club vijon,
2026/10/26,月,大谷滉,club vijon 24th Anniversary【VIJON ICHIBAN】～第4回ドラムバトル王座決定戦＆第2回 BISTRO VIJON 2026～,https://vijon.jp/schedule/detail/53317,北堀江club vijon,
2026/10/26,月,かってぃん,club vijon 24th Anniversary【VIJON ICHIBAN】～第4回ドラムバトル王座決定戦＆第2回 BISTRO VIJON 2026～,https://vijon.jp/schedule/detail/53317,北堀江club vijon,
2026/10/26,月,ジャイ,club vijon 24th Anniversary【VIJON ICHIBAN】～第4回ドラムバトル王座決定戦＆第2回 BISTRO VIJON 2026～,https://vijon.jp/schedule/detail/53317,北堀江club vijon,
2026/10/26,月,将,club vijon 24th Anniversary【VIJON ICHIBAN】～第4回ドラムバトル王座決定戦＆第2回 BISTRO VIJON 2026～,https://vijon.jp/schedule/detail/53317,北堀江club vijon,
2026/10/26,月,せつな,club vijon 24th Anniversary【VIJON ICHIBAN】～第4回ドラムバトル王座決定戦＆第2回 BISTRO VIJON 2026～,https://vijon.jp/schedule/detail/53317,北堀江club vijon,
2026/10/26,月,だう,club vijon 24th Anniversary【VIJON ICHIBAN】～第4回ドラムバトル王座決定戦＆第2回 BISTRO VIJON 2026～,https://vijon.jp/schedule/detail/53317,北堀江club vijon,
2026/10/26,月,とぅりあん,club vijon 24th Anniversary【VIJON ICHIBAN】～第4回ドラムバトル王座決定戦＆第2回 BISTRO VIJON 2026～,https://vijon.jp/schedule/detail/53317,北堀江club vijon,
2026/10/26,月,ハガネショウヘイ,club vijon 24th Anniversary【VIJON ICHIBAN】～第4回ドラムバトル王座決定戦＆第2回 BISTRO VIJON 2026～,https://vijon.jp/schedule/detail/53317,北堀江club vijon,
2026/10/26,月,ハヤタカ,club vijon 24th Anniversary【VIJON ICHIBAN】～第4回ドラムバトル王座決定戦＆第2回 BISTRO VIJON 2026～,https://vijon.jp/schedule/detail/53317,北堀江club vijon,
2026/10/26,月,HiNao,club vijon 24th Anniversary【VIJON ICHIBAN】～第4回ドラムバトル王座決定戦＆第2回 BISTRO VIJON 2026～,https://vijon.jp/schedule/detail/53317,北堀江club vijon,
2026/10/26,月,ふう,club vijon 24th Anniversary【VIJON ICHIBAN】～第4回ドラムバトル王座決定戦＆第2回 BISTRO VIJON 2026～,https://vijon.jp/schedule/detail/53317,北堀江club vijon,
2026/10/26,月,ポール,club vijon 24th Anniversary【VIJON ICHIBAN】～第4回ドラムバトル王座決定戦＆第2回 BISTRO VIJON 2026～,https://vijon.jp/schedule/detail/53317,北堀江club vijon,
2026/10/26,月,もず,club vijon 24th Anniversary【VIJON ICHIBAN】～第4回ドラムバトル王座決定戦＆第2回 BISTRO VIJON 2026～,https://vijon.jp/schedule/detail/53317,北堀江club vijon,
2026/10/26,月,ゆう,club vijon 24th Anniversary【VIJON ICHIBAN】～第4回ドラムバトル王座決定戦＆第2回 BISTRO VIJON 2026～,https://vijon.jp/schedule/detail/53317,北堀江club vijon,
2026/10/26,月,りょう,club vijon 24th Anniversary【VIJON ICHIBAN】～第4回ドラムバトル王座決定戦＆第2回 BISTRO VIJON 2026～,https://vijon.jp/schedule/detail/53317,北堀江club vijon,
2026/10/26,月,Leoto,club vijon 24th Anniversary【VIJON ICHIBAN】～第4回ドラムバトル王座決定戦＆第2回 BISTRO VIJON 2026～,https://vijon.jp/schedule/detail/53317,北堀江club vijon,
2026/10/26,月,わたり,club vijon 24th Anniversary【VIJON ICHIBAN】～第4回ドラムバトル王座決定戦＆第2回 BISTRO VIJON 2026～,https://vijon.jp/schedule/detail/53317,北堀江club vijon,
2026/10/26,月,Gt. sumida,club vijon 24th Anniversary【VIJON ICHIBAN】～第4回ドラムバトル王座決定戦＆第2回 BISTRO VIJON 2026～,https://vijon.jp/schedule/detail/53317,北堀江club vijon,
2026/10/26,月,古賀 涼 Ba.清水凱,club vijon 24th Anniversary【VIJON ICHIBAN】～第4回ドラムバトル王座決定戦＆第2回 BISTRO VIJON 2026～,https://vijon.jp/schedule/detail/53317,北堀江club vijon,
2026/10/26,月,陸人  山口建人  グルーヴ先生 SHIMON   テーマ：みんなで食べたい秋の味  AOE,club vijon 24th Anniversary【VIJON ICHIBAN】～第4回ドラムバトル王座決定戦＆第2回 BISTRO VIJON 2026～,https://vijon.jp/schedule/detail/53317,北堀江club vijon,
2026/10/26,月,YUA,club vijon 24th Anniversary【VIJON ICHIBAN】～第4回ドラムバトル王座決定戦＆第2回 BISTRO VIJON 2026～,https://vijon.jp/schedule/detail/53317,北堀江club vijon,
2026/10/28,水,NovaFlash,堺Tick-Tuck presents「 蝶々結び -club vijon 24th Anniversary - 」,https://vijon.jp/schedule/detail/54653,北堀江club vijon,
2026/10/28,水,ラフィンクローズ,堺Tick-Tuck presents「 蝶々結び -club vijon 24th Anniversary - 」,https://vijon.jp/schedule/detail/54653,北堀江club vijon,
2026/10/28,水,IrisRoar,堺Tick-Tuck presents「 蝶々結び -club vijon 24th Anniversary - 」,https://vijon.jp/schedule/detail/54653,北堀江club vijon,
2026/10/28,水,N0NAKA,堺Tick-Tuck presents「 蝶々結び -club vijon 24th Anniversary - 」,https://vijon.jp/schedule/detail/54653,北堀江club vijon,
2026/10/28,水,Neo'n'eaT,堺Tick-Tuck presents「 蝶々結び -club vijon 24th Anniversary - 」,https://vijon.jp/schedule/detail/54653,北堀江club vijon,
2026/10/28,水,KAKUSEI HYPER,堺Tick-Tuck presents「 蝶々結び -club vijon 24th Anniversary - 」,https://vijon.jp/schedule/detail/54653,北堀江club vijon,
2026/10/30,金,れいめい,Eggs[GIGGS] × club vijon 24th Anniversary Pre.【emergence】gig3,https://vijon.jp/schedule/detail/54676,北堀江club vijon,
2026/10/30,金,The Marriage Sky Blues,Eggs[GIGGS] × club vijon 24th Anniversary Pre.【emergence】gig3,https://vijon.jp/schedule/detail/54676,北堀江club vijon,
2026/10/30,金,QynemaLens,Eggs[GIGGS] × club vijon 24th Anniversary Pre.【emergence】gig3,https://vijon.jp/schedule/detail/54676,北堀江club vijon,
2026/10/30,金,BLUE SHEEP,Eggs[GIGGS] × club vijon 24th Anniversary Pre.【emergence】gig3,https://vijon.jp/schedule/detail/54676,北堀江club vijon,
2026/10/30,金,Holism,Eggs[GIGGS] × club vijon 24th Anniversary Pre.【emergence】gig3,https://vijon.jp/schedule/detail/54676,北堀江club vijon,
2026/10/30,金,Mei,Eggs[GIGGS] × club vijon 24th Anniversary Pre.【emergence】gig3,https://vijon.jp/schedule/detail/54676,北堀江club vijon,
2026/10/30,金,ジオメトラマ,Eggs[GIGGS] × club vijon 24th Anniversary Pre.【emergence】gig3,https://vijon.jp/schedule/detail/54676,北堀江club vijon,
2026/10/30,金,アタギケンスケ,Eggs[GIGGS] × club vijon 24th Anniversary Pre.【emergence】gig3,https://vijon.jp/schedule/detail/54676,北堀江club vijon,
2026/10/30,金,かじなな,Eggs[GIGGS] × club vijon 24th Anniversary Pre.【emergence】gig3,https://vijon.jp/schedule/detail/54676,北堀江club vijon,
2026/10/30,金,眠井 彗海,Eggs[GIGGS] × club vijon 24th Anniversary Pre.【emergence】gig3,https://vijon.jp/schedule/detail/54676,北堀江club vijon,
2026/10/30,金,ウサミココノカ,Eggs[GIGGS] × club vijon 24th Anniversary Pre.【emergence】gig3,https://vijon.jp/schedule/detail/54676,北堀江club vijon,
2026/10/31,土,ユノローグ,卯月ひなみ Birthday Live 2026〜moon beat〜 Booking Live,https://vijon.jp/schedule/detail/50050,北堀江club vijon,
2026/10/31,土,御伽キノコ,卯月ひなみ Birthday Live 2026〜moon beat〜 Booking Live,https://vijon.jp/schedule/detail/50050,北堀江club vijon,
2026/10/31,土,tetote,卯月ひなみ Birthday Live 2026〜moon beat〜 Booking Live,https://vijon.jp/schedule/detail/50050,北堀江club vijon,
2026/10/31,土,日向七瀬,卯月ひなみ Birthday Live 2026〜moon beat〜 Booking Live,https://vijon.jp/schedule/detail/50050,北堀江club vijon,
2026/10/31,土,月雲さくら,卯月ひなみ Birthday Live 2026〜moon beat〜 Booking Live,https://vijon.jp/schedule/detail/50050,北堀江club vijon,
2026/10/31,土,柊ゆう,卯月ひなみ Birthday Live 2026〜moon beat〜 Booking Live,https://vijon.jp/schedule/detail/50050,北堀江club vijon,
2026/10/31,土,あくる,卯月ひなみ Birthday Live 2026〜moon beat〜 Booking Live,https://vijon.jp/schedule/detail/50050,北堀江club vijon,
2026/10/31,土,柴山ゆち,卯月ひなみ Birthday Live 2026〜moon beat〜 Booking Live,https://vijon.jp/schedule/detail/50050,北堀江club vijon,
2026/10/31,土,松林てろる,卯月ひなみ Birthday Live 2026〜moon beat〜 Booking Live,https://vijon.jp/schedule/detail/50050,北堀江club vijon,
2026/10/31,土,卯月ひなみ,卯月ひなみ Birthday Live 2026〜moon beat〜 Booking Live,https://vijon.jp/schedule/detail/50050,北堀江club vijon,
2026/10/31,土,卯月ひなみ　ONE MAN LIVE,卯月ひなみ Birthday Live 2026〜moon beat〜 Oneman Live,https://vijon.jp/schedule/detail/50051,北堀江club vijon,
2026/11/02,月,Mimosa,【FOREVER YOUNG】- club vijon 24th anniversary -,https://vijon.jp/schedule/detail/54314,北堀江club vijon,
2026/11/02,月,ロマンス失敗学,【FOREVER YOUNG】- club vijon 24th anniversary -,https://vijon.jp/schedule/detail/54314,北堀江club vijon,
2026/11/02,月,あこーる,【FOREVER YOUNG】- club vijon 24th anniversary -,https://vijon.jp/schedule/detail/54314,北堀江club vijon,
2026/11/02,月,Cider House,【FOREVER YOUNG】- club vijon 24th anniversary -,https://vijon.jp/schedule/detail/54314,北堀江club vijon,
2026/11/02,月,PELON,【FOREVER YOUNG】- club vijon 24th anniversary -,https://vijon.jp/schedule/detail/54314,北堀江club vijon,
2026/11/02,月,and more…,【FOREVER YOUNG】- club vijon 24th anniversary -,https://vijon.jp/schedule/detail/54314,北堀江club vijon,
2026/11/03,火,ophelia 20mg with 瞬 月凌,ophelia 20mg 5th Single Release Party「1幕:或る画家の幻想絵画」,https://vijon.jp/schedule/detail/55975,北堀江club vijon,
2026/11/03,火,菖蒲ル子,ophelia 20mg 5th Single Release Party「1幕:或る画家の幻想絵画」,https://vijon.jp/schedule/detail/55975,北堀江club vijon,
2026/11/03,火,tetote,ophelia 20mg 5th Single Release Party「1幕:或る画家の幻想絵画」,https://vijon.jp/schedule/detail/55975,北堀江club vijon,
2026/11/03,火,みるかみる,ophelia 20mg 5th Single Release Party「1幕:或る画家の幻想絵画」,https://vijon.jp/schedule/detail/55975,北堀江club vijon,
2026/11/03,火,and more...!4Nno-SK,ophelia 20mg 5th Single Release Party「1幕:或る画家の幻想絵画」,https://vijon.jp/schedule/detail/55975,北堀江club vijon,
2026/11/03,火,桜咲真理,ophelia 20mg 5th Single Release Party「2幕:深愛パフューム」,https://vijon.jp/schedule/detail/52124,北堀江club vijon,
2026/11/03,火,木下りこ,ophelia 20mg 5th Single Release Party「2幕:深愛パフューム」,https://vijon.jp/schedule/detail/52124,北堀江club vijon,
2026/11/03,火,早乙女麗那,ophelia 20mg 5th Single Release Party「2幕:深愛パフューム」,https://vijon.jp/schedule/detail/52124,北堀江club vijon,
2026/11/03,火,勿忘うた4Nno-SK,ophelia 20mg 5th Single Release Party「2幕:深愛パフューム」,https://vijon.jp/schedule/detail/52124,北堀江club vijon,
2026/11/03,火,御伽キノコ,ophelia 20mg 5th Single Release Party「3幕:紅楼金魚姫」,https://vijon.jp/schedule/detail/55976,北堀江club vijon,
2026/11/03,火,神凪涙羽 and more...!4Nno-SK,ophelia 20mg 5th Single Release Party「3幕:紅楼金魚姫」,https://vijon.jp/schedule/detail/55976,北堀江club vijon,
2026/11/04,水,Vanamomotic,気ガ狂イソウナ夜vol.8,https://vijon.jp/schedule/detail/55909,北堀江club vijon,
2026/11/04,水,ultlove,気ガ狂イソウナ夜vol.8,https://vijon.jp/schedule/detail/55909,北堀江club vijon,
2026/11/04,水,ツギハギモンスター,気ガ狂イソウナ夜vol.8,https://vijon.jp/schedule/detail/55909,北堀江club vijon,
2026/11/04,水,THEE VELTCONVEYOR,気ガ狂イソウナ夜vol.8,https://vijon.jp/schedule/detail/55909,北堀江club vijon,
2026/11/04,水,キミモノガタリ,気ガ狂イソウナ夜vol.8,https://vijon.jp/schedule/detail/55909,北堀江club vijon,
2026/11/05,木,柚希紗良,柚希紗良ソロ活動3周年記念 バンドセットミニソロライブ,https://vijon.jp/schedule/detail/55680,北堀江club vijon,
2026/11/06,金,TRAëLL,続・FRAGMENT JOURNEY,https://vijon.jp/schedule/detail/50433,北堀江club vijon,
2026/11/08,日,愛沢絢夏,「MONSTER PARADE in 大阪」,https://vijon.jp/schedule/detail/55156,北堀江club vijon,
2026/11/08,日,AiLi,「MONSTER PARADE in 大阪」,https://vijon.jp/schedule/detail/55156,北堀江club vijon,
2026/11/08,日,小原涼,「MONSTER PARADE in 大阪」,https://vijon.jp/schedule/detail/55156,北堀江club vijon,
2026/11/08,日,momoca,「MONSTER PARADE in 大阪」,https://vijon.jp/schedule/detail/55156,北堀江club vijon,
2026/11/08,日,Selfish Girl!,「MONSTER PARADE in 大阪」,https://vijon.jp/schedule/detail/55156,北堀江club vijon,
2026/11/08,日,木元のぞみ,「MONSTER PARADE in 大阪」,https://vijon.jp/schedule/detail/55156,北堀江club vijon,
2026/11/08,日,Tiiy,「MONSTER PARADE in 大阪」,https://vijon.jp/schedule/detail/55156,北堀江club vijon,
2026/11/08,日,夏井さら,「MONSTER PARADE in 大阪」,https://vijon.jp/schedule/detail/55156,北堀江club vijon,
2026/11/08,日,MISSIW,小原涼アルバム レコ発ツアー 「My Live Life -SMILEY-」,https://vijon.jp/schedule/detail/55540,北堀江club vijon,
2026/11/08,日,朱璃晶絵,小原涼アルバム レコ発ツアー 「My Live Life -SMILEY-」,https://vijon.jp/schedule/detail/55540,北堀江club vijon,
2026/11/08,日,苺菓しえり,小原涼アルバム レコ発ツアー 「My Live Life -SMILEY-」,https://vijon.jp/schedule/detail/55540,北堀江club vijon,
2026/11/08,日,あくる,小原涼アルバム レコ発ツアー 「My Live Life -SMILEY-」,https://vijon.jp/schedule/detail/55540,北堀江club vijon,
2026/11/08,日,鈴川愛依,小原涼アルバム レコ発ツアー 「My Live Life -SMILEY-」,https://vijon.jp/schedule/detail/55540,北堀江club vijon,
2026/11/10,火,THE QOORANZ,【WACHA!】- club vijon 24th SP -,https://vijon.jp/schedule/detail/54697,北堀江club vijon,
2026/11/10,火,Running Home Run,【WACHA!】- club vijon 24th SP -,https://vijon.jp/schedule/detail/54697,北堀江club vijon,
2026/11/10,火,KALASU,【WACHA!】- club vijon 24th SP -,https://vijon.jp/schedule/detail/54697,北堀江club vijon,
2026/11/10,火,サイケデリアン,【WACHA!】- club vijon 24th SP -,https://vijon.jp/schedule/detail/54697,北堀江club vijon,
2026/11/10,火,mango.,【WACHA!】- club vijon 24th SP -,https://vijon.jp/schedule/detail/54697,北堀江club vijon,
2026/11/10,火,ベターユース,【WACHA!】- club vijon 24th SP -,https://vijon.jp/schedule/detail/54697,北堀江club vijon,
2026/11/10,火,チェリッシュ,【WACHA!】- club vijon 24th SP -,https://vijon.jp/schedule/detail/54697,北堀江club vijon,
2026/11/11,水,A peace of cake,北堀江club vijon × OTONOVA 会場代表決定戦,https://vijon.jp/schedule/detail/55443,北堀江club vijon,
2026/11/11,水,あまねこ,北堀江club vijon × OTONOVA 会場代表決定戦,https://vijon.jp/schedule/detail/55443,北堀江club vijon,
2026/11/11,水,ガーベラマフラー,北堀江club vijon × OTONOVA 会場代表決定戦,https://vijon.jp/schedule/detail/55443,北堀江club vijon,
2026/11/11,水,Neo'n'eaT,北堀江club vijon × OTONOVA 会場代表決定戦,https://vijon.jp/schedule/detail/55443,北堀江club vijon,
2026/11/11,水,Re.ripe,北堀江club vijon × OTONOVA 会場代表決定戦,https://vijon.jp/schedule/detail/55443,北堀江club vijon,
2026/11/11,水,...and more,北堀江club vijon × OTONOVA 会場代表決定戦,https://vijon.jp/schedule/detail/55443,北堀江club vijon,
2026/11/12,木,Mind of Ours,【THE SHOCK OF THE LIGHTNING】 - club vijon 24th anniversary -,https://vijon.jp/schedule/detail/54014,北堀江club vijon,
2026/11/12,木,Anth.,【THE SHOCK OF THE LIGHTNING】 - club vijon 24th anniversary -,https://vijon.jp/schedule/detail/54014,北堀江club vijon,
2026/11/12,木,大江武圭留band set,【THE SHOCK OF THE LIGHTNING】 - club vijon 24th anniversary -,https://vijon.jp/schedule/detail/54014,北堀江club vijon,
2026/11/12,木,Snoobbish,【THE SHOCK OF THE LIGHTNING】 - club vijon 24th anniversary -,https://vijon.jp/schedule/detail/54014,北堀江club vijon,
2026/11/12,木,Peacock,【THE SHOCK OF THE LIGHTNING】 - club vijon 24th anniversary -,https://vijon.jp/schedule/detail/54014,北堀江club vijon,
2026/11/12,木,The Jack Nicholson,【THE SHOCK OF THE LIGHTNING】 - club vijon 24th anniversary -,https://vijon.jp/schedule/detail/54014,北堀江club vijon,
2026/11/12,木,ミッドナイトシープ,【THE SHOCK OF THE LIGHTNING】 - club vijon 24th anniversary -,https://vijon.jp/schedule/detail/54014,北堀江club vijon,
2026/11/13,金,Anie,Anie × VAR’MILION W release party 『師妹対奏』,https://vijon.jp/schedule/detail/51438,北堀江club vijon,
2026/11/13,金,VAR’MILION,Anie × VAR’MILION W release party 『師妹対奏』,https://vijon.jp/schedule/detail/51438,北堀江club vijon,
2026/11/17,火,ADAPTER。,「エレキャン！ツアー 2026～2027　大阪」,https://vijon.jp/schedule/detail/56651,北堀江club vijon,
2026/11/17,火,中野テルヲ,「エレキャン！ツアー 2026～2027　大阪」,https://vijon.jp/schedule/detail/56651,北堀江club vijon,
2026/11/19,木,SAWA,【playgrounds】- club vijon 24th SP -,https://vijon.jp/schedule/detail/54740,北堀江club vijon,
2026/11/19,木,ガーベラマフラー,【playgrounds】- club vijon 24th SP -,https://vijon.jp/schedule/detail/54740,北堀江club vijon,
2026/11/19,木,Madder Youth,【playgrounds】- club vijon 24th SP -,https://vijon.jp/schedule/detail/54740,北堀江club vijon,
2026/11/19,木,トキメキに死す！,【playgrounds】- club vijon 24th SP -,https://vijon.jp/schedule/detail/54740,北堀江club vijon,
2026/11/19,木,ツギハギモンスター,【playgrounds】- club vijon 24th SP -,https://vijon.jp/schedule/detail/54740,北堀江club vijon,
2026/11/19,木,Turtle Frog,【playgrounds】- club vijon 24th SP -,https://vijon.jp/schedule/detail/54740,北堀江club vijon,
2026/11/20,金,TAICHI,"TAICHI 1st TOUR 2026 ""PIONEERS OF MY LEGEND"" FINAL",https://vijon.jp/schedule/detail/54867,北堀江club vijon,
2026/11/20,金,MazeWalker,"TAICHI 1st TOUR 2026 ""PIONEERS OF MY LEGEND"" FINAL",https://vijon.jp/schedule/detail/54867,北堀江club vijon,
2026/11/20,金,bluekeys,"TAICHI 1st TOUR 2026 ""PIONEERS OF MY LEGEND"" FINAL",https://vijon.jp/schedule/detail/54867,北堀江club vijon,
2026/11/20,金,THE SAGA,"TAICHI 1st TOUR 2026 ""PIONEERS OF MY LEGEND"" FINAL",https://vijon.jp/schedule/detail/54867,北堀江club vijon,
2026/11/20,金,...and more,"TAICHI 1st TOUR 2026 ""PIONEERS OF MY LEGEND"" FINAL",https://vijon.jp/schedule/detail/54867,北堀江club vijon,
2026/11/22,日,武瑠,武瑠 WORLD TOUR 2026 TAKERU'S CLUB HOUSE,https://vijon.jp/schedule/detail/54603,北堀江club vijon,
2026/11/26,木,umbrella,umbrella presents 【アマヤドリ】,https://vijon.jp/schedule/detail/54344,北堀江club vijon,
2026/11/26,木,透明少女,umbrella presents 【アマヤドリ】,https://vijon.jp/schedule/detail/54344,北堀江club vijon,
2026/11/26,木,ギロチン,umbrella presents 【アマヤドリ】,https://vijon.jp/schedule/detail/54344,北堀江club vijon,
2026/11/26,木,RE:INa,umbrella presents 【アマヤドリ】,https://vijon.jp/schedule/detail/54344,北堀江club vijon,
2026/11/28,土,Suzumushi,夢追い同盟会合 ~ライブハウスで生存確認しようぜツアー~ 大阪公演,https://vijon.jp/schedule/detail/49802,北堀江club vijon,
2026/12/06,日,LIBERTE,バンドスタジオ ベースオントップアメ村店presents 「アメ☆スピ～AMEMURA SPIRIT～Vol.16」,https://vijon.jp/schedule/detail/56031,北堀江club vijon,
2026/12/06,日,ハッピーライブ,バンドスタジオ ベースオントップアメ村店presents 「アメ☆スピ～AMEMURA SPIRIT～Vol.16」,https://vijon.jp/schedule/detail/56031,北堀江club vijon,
2026/12/06,日,5;mu,バンドスタジオ ベースオントップアメ村店presents 「アメ☆スピ～AMEMURA SPIRIT～Vol.16」,https://vijon.jp/schedule/detail/56031,北堀江club vijon,
2026/12/06,日,Lupinus,バンドスタジオ ベースオントップアメ村店presents 「アメ☆スピ～AMEMURA SPIRIT～Vol.16」,https://vijon.jp/schedule/detail/56031,北堀江club vijon,
2026/12/06,日,egoistic QT,バンドスタジオ ベースオントップアメ村店presents 「アメ☆スピ～AMEMURA SPIRIT～Vol.16」,https://vijon.jp/schedule/detail/56031,北堀江club vijon,
2026/12/06,日,New Frontier,バンドスタジオ ベースオントップアメ村店presents 「アメ☆スピ～AMEMURA SPIRIT～Vol.16」,https://vijon.jp/schedule/detail/56031,北堀江club vijon,
2026/12/06,日,Dang爵’z,バンドスタジオ ベースオントップアメ村店presents 「アメ☆スピ～AMEMURA SPIRIT～Vol.16」,https://vijon.jp/schedule/detail/56031,北堀江club vijon,
2026/12/06,日,FUNNY CO.,バンドスタジオ ベースオントップアメ村店presents 「アメ☆スピ～AMEMURA SPIRIT～Vol.16」,https://vijon.jp/schedule/detail/56031,北堀江club vijon,
2026/12/06,日,ゲスの擬き戒め,バンドスタジオ ベースオントップアメ村店presents 「アメ☆スピ～AMEMURA SPIRIT～Vol.16」,https://vijon.jp/schedule/detail/56031,北堀江club vijon,
2026/12/06,日,アイコプター,バンドスタジオ ベースオントップアメ村店presents 「アメ☆スピ～AMEMURA SPIRIT～Vol.16」,https://vijon.jp/schedule/detail/56031,北堀江club vijon,
2026/12/12,土,Stardust Alone,Stardust Alone pre. LIVERALLY Vol.1,https://vijon.jp/schedule/detail/51029,北堀江club vijon,
2026/12/12,土,Junk Unit,Stardust Alone pre. LIVERALLY Vol.1,https://vijon.jp/schedule/detail/51029,北堀江club vijon,
2026/12/12,土,asano raincoat,Stardust Alone pre. LIVERALLY Vol.1,https://vijon.jp/schedule/detail/51029,北堀江club vijon,
2026/12/12,土,The Marriage Sky Blues,Stardust Alone pre. LIVERALLY Vol.1,https://vijon.jp/schedule/detail/51029,北堀江club vijon,
2026/12/12,土,ときわ,Stardust Alone pre. LIVERALLY Vol.1,https://vijon.jp/schedule/detail/51029,北堀江club vijon,
2026/12/12,土,CURIOSITY.,Stardust Alone pre. LIVERALLY Vol.1,https://vijon.jp/schedule/detail/51029,北堀江club vijon,
2026/12/12,土,文章乞食,Stardust Alone pre. LIVERALLY Vol.1,https://vijon.jp/schedule/detail/51029,北堀江club vijon,
2026/12/15,火,ODMR,ODMR Presents「大狂犬會 」 狐＆DJ Slum dog a.k.a.てらけん 生誕祭 乗れる調子全部乗りました,https://vijon.jp/schedule/detail/53535,北堀江club vijon,
2026/12/15,火,流血ブリザード,ODMR Presents「大狂犬會 」 狐＆DJ Slum dog a.k.a.てらけん 生誕祭 乗れる調子全部乗りました,https://vijon.jp/schedule/detail/53535,北堀江club vijon,
2026/12/15,火,目やに！,ODMR Presents「大狂犬會 」 狐＆DJ Slum dog a.k.a.てらけん 生誕祭 乗れる調子全部乗りました,https://vijon.jp/schedule/detail/53535,北堀江club vijon,
2026/12/15,火,笑女歌劇団ヒミツノミヤコ,ODMR Presents「大狂犬會 」 狐＆DJ Slum dog a.k.a.てらけん 生誕祭 乗れる調子全部乗りました,https://vijon.jp/schedule/detail/53535,北堀江club vijon,
2026/12/15,火,SUBLIMINALS,ODMR Presents「大狂犬會 」 狐＆DJ Slum dog a.k.a.てらけん 生誕祭 乗れる調子全部乗りました,https://vijon.jp/schedule/detail/53535,北堀江club vijon,
2026/12/15,火,SCYTHEWRACK SYSTEM,ODMR Presents「大狂犬會 」 狐＆DJ Slum dog a.k.a.てらけん 生誕祭 乗れる調子全部乗りました,https://vijon.jp/schedule/detail/53535,北堀江club vijon,
2026/12/15,火,UNLIMITEDxx性,ODMR Presents「大狂犬會 」 狐＆DJ Slum dog a.k.a.てらけん 生誕祭 乗れる調子全部乗りました,https://vijon.jp/schedule/detail/53535,北堀江club vijon,
2026/12/15,火,VICIOUS  当日限定友人セッション,ODMR Presents「大狂犬會 」 狐＆DJ Slum dog a.k.a.てらけん 生誕祭 乗れる調子全部乗りました,https://vijon.jp/schedule/detail/53535,北堀江club vijon,
2026/12/15,火,MissMerry,ODMR Presents「大狂犬會 」 狐＆DJ Slum dog a.k.a.てらけん 生誕祭 乗れる調子全部乗りました,https://vijon.jp/schedule/detail/53535,北堀江club vijon,
2026/12/15,火,てらけん,ODMR Presents「大狂犬會 」 狐＆DJ Slum dog a.k.a.てらけん 生誕祭 乗れる調子全部乗りました,https://vijon.jp/schedule/detail/53535,北堀江club vijon,
2026/12/15,火,Andmore….???)  Matsubai,ODMR Presents「大狂犬會 」 狐＆DJ Slum dog a.k.a.てらけん 生誕祭 乗れる調子全部乗りました,https://vijon.jp/schedule/detail/53535,北堀江club vijon,
2026/12/15,火,超爆乳魔法少女（Solid State Brain),ODMR Presents「大狂犬會 」 狐＆DJ Slum dog a.k.a.てらけん 生誕祭 乗れる調子全部乗りました,https://vijon.jp/schedule/detail/53535,北堀江club vijon,
2026/12/15,火,ノリバル,ODMR Presents「大狂犬會 」 狐＆DJ Slum dog a.k.a.てらけん 生誕祭 乗れる調子全部乗りました,https://vijon.jp/schedule/detail/53535,北堀江club vijon,
2026/12/15,火,kaz8,ODMR Presents「大狂犬會 」 狐＆DJ Slum dog a.k.a.てらけん 生誕祭 乗れる調子全部乗りました,https://vijon.jp/schedule/detail/53535,北堀江club vijon,
2026/12/15,火,ピンクマン,ODMR Presents「大狂犬會 」 狐＆DJ Slum dog a.k.a.てらけん 生誕祭 乗れる調子全部乗りました,https://vijon.jp/schedule/detail/53535,北堀江club vijon,
2026/12/15,火,にぱ,ODMR Presents「大狂犬會 」 狐＆DJ Slum dog a.k.a.てらけん 生誕祭 乗れる調子全部乗りました,https://vijon.jp/schedule/detail/53535,北堀江club vijon,
2026/12/15,火,城山彩涼×Miru,ODMR Presents「大狂犬會 」 狐＆DJ Slum dog a.k.a.てらけん 生誕祭 乗れる調子全部乗りました,https://vijon.jp/schedule/detail/53535,北堀江club vijon,
2026/12/17,木,余生,３MAN LIVE,https://vijon.jp/schedule/detail/54340,北堀江club vijon,
2026/12/17,木,With Rangeer,３MAN LIVE,https://vijon.jp/schedule/detail/54340,北堀江club vijon,
2026/12/17,木,空から降ってきたアジたち,３MAN LIVE,https://vijon.jp/schedule/detail/54340,北堀江club vijon,
2027/01/11,月,わんちゃんわんわんねこにゃんにゃん,わんちゃんわんわんねこにゃんにゃん 6th ANNIVERSARY TOUR 【BOUQUET】～今愛を～,https://vijon.jp/schedule/detail/54762,北堀江club vijon,
2026/10/01,木,asano raincoat,asana raincoat&BANGBOO pre.【asano's Home Party】vol.1,https://bangboo.jp/schedule/detail/52446,梅田BANGBOO,
2026/10/01,木,メタボリックシンジゲート,asana raincoat&BANGBOO pre.【asano's Home Party】vol.1,https://bangboo.jp/schedule/detail/52446,梅田BANGBOO,
2026/10/01,木,ホシミッツ,asana raincoat&BANGBOO pre.【asano's Home Party】vol.1,https://bangboo.jp/schedule/detail/52446,梅田BANGBOO,
2026/10/01,木,one last danceLane boy,asana raincoat&BANGBOO pre.【asano's Home Party】vol.1,https://bangboo.jp/schedule/detail/52446,梅田BANGBOO,
2026/10/01,木,IVYS.,asana raincoat&BANGBOO pre.【asano's Home Party】vol.1,https://bangboo.jp/schedule/detail/52446,梅田BANGBOO,
2026/10/01,木,QynemaLens,asana raincoat&BANGBOO pre.【asano's Home Party】vol.1,https://bangboo.jp/schedule/detail/52446,梅田BANGBOO,
2026/10/01,木,monocalring,asana raincoat&BANGBOO pre.【asano's Home Party】vol.1,https://bangboo.jp/schedule/detail/52446,梅田BANGBOO,
2026/10/01,木,ベリーバットアラモード,asana raincoat&BANGBOO pre.【asano's Home Party】vol.1,https://bangboo.jp/schedule/detail/52446,梅田BANGBOO,
2026/10/02,金,アブソプ,Being an idol fan,https://bangboo.jp/schedule/detail/53925,梅田BANGBOO,
2026/10/02,金,ハピネスクラッカー！,Being an idol fan,https://bangboo.jp/schedule/detail/53925,梅田BANGBOO,
2026/10/02,金,Arch Angel,Being an idol fan,https://bangboo.jp/schedule/detail/53925,梅田BANGBOO,
2026/10/02,金,ネテルダイヤ,Being an idol fan,https://bangboo.jp/schedule/detail/53925,梅田BANGBOO,
2026/10/02,金,リボンのないぷれぜんと,Being an idol fan,https://bangboo.jp/schedule/detail/53925,梅田BANGBOO,
2026/10/02,金,うぃるめり！,Being an idol fan,https://bangboo.jp/schedule/detail/53925,梅田BANGBOO,
2026/10/02,金,アクアリウム。,Being an idol fan,https://bangboo.jp/schedule/detail/53925,梅田BANGBOO,
2026/10/02,金,caprice,Being an idol fan,https://bangboo.jp/schedule/detail/53925,梅田BANGBOO,
2026/10/02,金,RINARIA,Being an idol fan,https://bangboo.jp/schedule/detail/53925,梅田BANGBOO,
2026/10/03,土,AMANOJAKU,KITAWHEEL2026,https://bangboo.jp/schedule/detail/55291,梅田BANGBOO,
2026/10/03,土,ELECTRIC MAMA,KITAWHEEL2026,https://bangboo.jp/schedule/detail/55291,梅田BANGBOO,
2026/10/03,土,soratobiwo,KITAWHEEL2026,https://bangboo.jp/schedule/detail/55291,梅田BANGBOO,
2026/10/03,土,rale one stance,KITAWHEEL2026,https://bangboo.jp/schedule/detail/55291,梅田BANGBOO,
2026/10/03,土,THE S.O.S,KITAWHEEL2026,https://bangboo.jp/schedule/detail/55291,梅田BANGBOO,
2026/10/03,土,ネテルダイヤ,KITAWHEEL2026,https://bangboo.jp/schedule/detail/55291,梅田BANGBOO,
2026/10/03,土,いろかにほへと,KITAWHEEL2026,https://bangboo.jp/schedule/detail/55291,梅田BANGBOO,
2026/10/03,土,アシガルユース,KITAWHEEL2026,https://bangboo.jp/schedule/detail/55291,梅田BANGBOO,
2026/10/03,土,マイフェア→ガール,KITAWHEEL2026,https://bangboo.jp/schedule/detail/55291,梅田BANGBOO,
2026/10/03,土,福,KITAWHEEL2026,https://bangboo.jp/schedule/detail/55291,梅田BANGBOO,
2026/10/03,土,妖狐繚乱,KITAWHEEL2026,https://bangboo.jp/schedule/detail/55291,梅田BANGBOO,
2026/10/03,土,らくだのこぶX,KITAWHEEL2026,https://bangboo.jp/schedule/detail/55291,梅田BANGBOO,
2026/10/03,土,赤いアフロ,KITAWHEEL2026,https://bangboo.jp/schedule/detail/55291,梅田BANGBOO,
2026/10/03,土,asano raincoat,KITAWHEEL2026,https://bangboo.jp/schedule/detail/55291,梅田BANGBOO,
2026/10/03,土,あんどーまいか,KITAWHEEL2026,https://bangboo.jp/schedule/detail/55291,梅田BANGBOO,
2026/10/03,土,K星人,KITAWHEEL2026,https://bangboo.jp/schedule/detail/55291,梅田BANGBOO,
2026/10/03,土,Patrick's,KITAWHEEL2026,https://bangboo.jp/schedule/detail/55291,梅田BANGBOO,
2026/10/03,土,Blow the instability,KITAWHEEL2026,https://bangboo.jp/schedule/detail/55291,梅田BANGBOO,
2026/10/03,土,Hecatoncheir sisters,KITAWHEEL2026,https://bangboo.jp/schedule/detail/55291,梅田BANGBOO,
2026/10/03,土,Mei,KITAWHEEL2026,https://bangboo.jp/schedule/detail/55291,梅田BANGBOO,
2026/10/03,土,メタボリックシンジゲート,KITAWHEEL2026,https://bangboo.jp/schedule/detail/55291,梅田BANGBOO,
2026/10/03,土,メルシー,KITAWHEEL2026,https://bangboo.jp/schedule/detail/55291,梅田BANGBOO,
2026/10/03,土,無銘-mumey-,KITAWHEEL2026,https://bangboo.jp/schedule/detail/55291,梅田BANGBOO,
2026/10/03,土,リバースレインボー,KITAWHEEL2026,https://bangboo.jp/schedule/detail/55291,梅田BANGBOO,
2026/10/03,土,JUNIOR BREATH,KITAWHEEL2026,https://bangboo.jp/schedule/detail/55291,梅田BANGBOO,
2026/10/03,土,THE SUNSHINE,KITAWHEEL2026,https://bangboo.jp/schedule/detail/55291,梅田BANGBOO,
2026/10/03,土,大森健太,KITAWHEEL2026,https://bangboo.jp/schedule/detail/55291,梅田BANGBOO,
2026/10/03,土,岸っしゃん,KITAWHEEL2026,https://bangboo.jp/schedule/detail/55291,梅田BANGBOO,
2026/10/03,土,菱田ヒシコ,KITAWHEEL2026,https://bangboo.jp/schedule/detail/55291,梅田BANGBOO,
2026/10/03,土,春輔,KITAWHEEL2026,https://bangboo.jp/schedule/detail/55291,梅田BANGBOO,
2026/10/03,土,GERBERA MUFFLER 赤猿,KITAWHEEL2026,https://bangboo.jp/schedule/detail/55291,梅田BANGBOO,
2026/10/03,土,Intence rook,KITAWHEEL2026,https://bangboo.jp/schedule/detail/55291,梅田BANGBOO,
2026/10/03,土,No more G's,KITAWHEEL2026,https://bangboo.jp/schedule/detail/55291,梅田BANGBOO,
2026/10/03,土,山口建人,KITAWHEEL2026,https://bangboo.jp/schedule/detail/55291,梅田BANGBOO,
2026/10/04,日,逹瑯,逹瑯 LIVE HOUSE TOUR [真人間],https://bangboo.jp/schedule/detail/48513,梅田BANGBOO,
2026/10/05,月,Yosac OWL,Yosac OWL × BANGBOO pre.  「October Disco」vol.1,https://bangboo.jp/schedule/detail/53692,梅田BANGBOO,
2026/10/05,月,むにゃむにゃプラスチック,Yosac OWL × BANGBOO pre.  「October Disco」vol.1,https://bangboo.jp/schedule/detail/53692,梅田BANGBOO,
2026/10/05,月,ハヤシライフ,Yosac OWL × BANGBOO pre.  「October Disco」vol.1,https://bangboo.jp/schedule/detail/53692,梅田BANGBOO,
2026/10/05,月,Shom,Yosac OWL × BANGBOO pre.  「October Disco」vol.1,https://bangboo.jp/schedule/detail/53692,梅田BANGBOO,
2026/10/05,月,志波太朗,Yosac OWL × BANGBOO pre.  「October Disco」vol.1,https://bangboo.jp/schedule/detail/53692,梅田BANGBOO,
2026/10/05,月,V;error,Yosac OWL × BANGBOO pre.  「October Disco」vol.1,https://bangboo.jp/schedule/detail/53692,梅田BANGBOO,
2026/10/05,月,MelloDramatico,Yosac OWL × BANGBOO pre.  「October Disco」vol.1,https://bangboo.jp/schedule/detail/53692,梅田BANGBOO,
2026/10/06,火,キューハチパーセント！,『キューハチパーセント！定期公演Vol.3』,https://bangboo.jp/schedule/detail/51360,梅田BANGBOO,
2026/10/06,火,ゆら,『キューハチパーセント！定期公演Vol.3』,https://bangboo.jp/schedule/detail/51360,梅田BANGBOO,
2026/10/06,火,にな,『キューハチパーセント！定期公演Vol.3』,https://bangboo.jp/schedule/detail/51360,梅田BANGBOO,
2026/10/06,火,きょう,『キューハチパーセント！定期公演Vol.3』,https://bangboo.jp/schedule/detail/51360,梅田BANGBOO,
2026/10/06,火,あんり,『キューハチパーセント！定期公演Vol.3』,https://bangboo.jp/schedule/detail/51360,梅田BANGBOO,
2026/10/06,火,れみ,『キューハチパーセント！定期公演Vol.3』,https://bangboo.jp/schedule/detail/51360,梅田BANGBOO,
2026/10/07,水,ぼっちまるくん,『ぼっちまるくんVSクリトリック・リス〜今年もやるぞ！ぼちクリツーマンライブ！〜』,https://bangboo.jp/schedule/detail/52671,梅田BANGBOO,
2026/10/07,水,クリトリック・リス,『ぼっちまるくんVSクリトリック・リス〜今年もやるぞ！ぼちクリツーマンライブ！〜』,https://bangboo.jp/schedule/detail/52671,梅田BANGBOO,
2026/10/07,水,ITO→たのし,『ぼっちまるくんVSクリトリック・リス〜今年もやるぞ！ぼちクリツーマンライブ！〜』,https://bangboo.jp/schedule/detail/52671,梅田BANGBOO,
2026/10/07,水,⚫︎テキーラガール⚫︎ マユち,『ぼっちまるくんVSクリトリック・リス〜今年もやるぞ！ぼちクリツーマンライブ！〜』,https://bangboo.jp/schedule/detail/52671,梅田BANGBOO,
2026/10/07,水,ごんぬ,『ぼっちまるくんVSクリトリック・リス〜今年もやるぞ！ぼちクリツーマンライブ！〜』,https://bangboo.jp/schedule/detail/52671,梅田BANGBOO,
2026/10/08,木,アクアリウム。,Being an idol fan,https://bangboo.jp/schedule/detail/53573,梅田BANGBOO,
2026/10/08,木,NaNiYoRi,Being an idol fan,https://bangboo.jp/schedule/detail/53573,梅田BANGBOO,
2026/10/08,木,ボクセカ,Being an idol fan,https://bangboo.jp/schedule/detail/53573,梅田BANGBOO,
2026/10/08,木,Serenade,Being an idol fan,https://bangboo.jp/schedule/detail/53573,梅田BANGBOO,
2026/10/09,金,ネテルダイヤ,りるれらんBIRTHDAY FESTIVAL 遊園地編in梅田BANGBOO,https://bangboo.jp/schedule/detail/53859,梅田BANGBOO,
2026/10/10,土,きゅ～くる,「きゅ～くる対バン企画【きゅ～ふえす大阪編】」,https://bangboo.jp/schedule/detail/48499,梅田BANGBOO,
2026/10/10,土,tune time capsule,「きゅ～くる対バン企画【きゅ～ふえす大阪編】」,https://bangboo.jp/schedule/detail/48499,梅田BANGBOO,
2026/10/11,日,POMC,ЯO-Guy SONIC part2,https://bangboo.jp/schedule/detail/48977,梅田BANGBOO,
2026/10/11,日,ゆとりですがなにか？,ЯO-Guy SONIC part2,https://bangboo.jp/schedule/detail/48977,梅田BANGBOO,
2026/10/11,日,Miky Girl,ЯO-Guy SONIC part2,https://bangboo.jp/schedule/detail/48977,梅田BANGBOO,
2026/10/11,日,Bottoms,ЯO-Guy SONIC part2,https://bangboo.jp/schedule/detail/48977,梅田BANGBOO,
2026/10/11,日,無限にんにく,ЯO-Guy SONIC part2,https://bangboo.jp/schedule/detail/48977,梅田BANGBOO,
2026/10/11,日,Tomonoma.,ЯO-Guy SONIC part2,https://bangboo.jp/schedule/detail/48977,梅田BANGBOO,
2026/10/11,日,YONEDMAN,ЯO-Guy SONIC part2,https://bangboo.jp/schedule/detail/48977,梅田BANGBOO,
2026/10/11,日,どいんらんず,ЯO-Guy SONIC part2,https://bangboo.jp/schedule/detail/48977,梅田BANGBOO,
2026/10/11,日,koidymori,ЯO-Guy SONIC part2,https://bangboo.jp/schedule/detail/48977,梅田BANGBOO,
2026/10/11,日,Extreme Dxxkboy,ЯO-Guy SONIC part2,https://bangboo.jp/schedule/detail/48977,梅田BANGBOO,
2026/10/11,日,"Fuck, and Sucking in Tobita Shinchi",ЯO-Guy SONIC part2,https://bangboo.jp/schedule/detail/48977,梅田BANGBOO,
2026/10/11,日,ガバンナ,ЯO-Guy SONIC part2,https://bangboo.jp/schedule/detail/48977,梅田BANGBOO,
2026/10/11,日,おぺと,ЯO-Guy SONIC part2,https://bangboo.jp/schedule/detail/48977,梅田BANGBOO,
2026/10/11,日,OISHASAN'S,ЯO-Guy SONIC part2,https://bangboo.jp/schedule/detail/48977,梅田BANGBOO,
2026/10/12,月,すーぱーぷーばぁー!!,FOUR COLORS,https://bangboo.jp/schedule/detail/49609,梅田BANGBOO,
2026/10/12,月,キューハチパーセント！,FOUR COLORS,https://bangboo.jp/schedule/detail/49609,梅田BANGBOO,
2026/10/12,月,BUGTTE！,FOUR COLORS,https://bangboo.jp/schedule/detail/49609,梅田BANGBOO,
2026/10/12,月,ЯiM:MiR,FOUR COLORS,https://bangboo.jp/schedule/detail/49609,梅田BANGBOO,
2026/10/12,月,ちょこみんと,FOUR COLORS,https://bangboo.jp/schedule/detail/49609,梅田BANGBOO,
2026/10/12,月,ストロベリーソングオーケストラ,単毒公演『喪ル非ネ奇ネマ』,https://bangboo.jp/schedule/detail/48945,梅田BANGBOO,
2026/10/14,水,]Telepathy,Telepathy&BANGBOO pre.【PANDA MAGNUM】vol.1 -MINAMI WHEEL EDITION-,https://bangboo.jp/schedule/detail/54033,梅田BANGBOO,
2026/10/14,水,揺らいで凪,Telepathy&BANGBOO pre.【PANDA MAGNUM】vol.1 -MINAMI WHEEL EDITION-,https://bangboo.jp/schedule/detail/54033,梅田BANGBOO,
2026/10/14,水,QBIC,Telepathy&BANGBOO pre.【PANDA MAGNUM】vol.1 -MINAMI WHEEL EDITION-,https://bangboo.jp/schedule/detail/54033,梅田BANGBOO,
2026/10/14,水,スクールガールズエンド,Telepathy&BANGBOO pre.【PANDA MAGNUM】vol.1 -MINAMI WHEEL EDITION-,https://bangboo.jp/schedule/detail/54033,梅田BANGBOO,
2026/10/14,水,moodress,Telepathy&BANGBOO pre.【PANDA MAGNUM】vol.1 -MINAMI WHEEL EDITION-,https://bangboo.jp/schedule/detail/54033,梅田BANGBOO,
2026/10/14,水,EMILY,Telepathy&BANGBOO pre.【PANDA MAGNUM】vol.1 -MINAMI WHEEL EDITION-,https://bangboo.jp/schedule/detail/54033,梅田BANGBOO,
2026/10/14,水,HASHIRIBI,Telepathy&BANGBOO pre.【PANDA MAGNUM】vol.1 -MINAMI WHEEL EDITION-,https://bangboo.jp/schedule/detail/54033,梅田BANGBOO,
2026/10/14,水,sazanami,Telepathy&BANGBOO pre.【PANDA MAGNUM】vol.1 -MINAMI WHEEL EDITION-,https://bangboo.jp/schedule/detail/54033,梅田BANGBOO,
2026/10/15,木,ネテルダイヤ、skill of light、マイフェアガール、LuvHz、matatabi、にゃんらゔ♡、COCORIZE、SOCIAL×MATCH 、柊ゆう  、UNOW,【Diamond Polishers】  in梅田BANGBOO,https://bangboo.jp/schedule/detail/55661,梅田BANGBOO,
2026/10/16,金,DaTuRa-,DaTuRa-ダチュラ- Concept Tour 『毒林檎狂宴』 大阪編,https://bangboo.jp/schedule/detail/54304,梅田BANGBOO,
2026/10/19,月,ALLiCA,【awesome youth vol.3】,https://bangboo.jp/schedule/detail/54583,梅田BANGBOO,
2026/10/19,月,Burnt Orange,【awesome youth vol.3】,https://bangboo.jp/schedule/detail/54583,梅田BANGBOO,
2026/10/19,月,AcroBox,【awesome youth vol.3】,https://bangboo.jp/schedule/detail/54583,梅田BANGBOO,
2026/10/19,月,透明な7日目の真実,【awesome youth vol.3】,https://bangboo.jp/schedule/detail/54583,梅田BANGBOO,
2026/10/19,月,自由追求論,【awesome youth vol.3】,https://bangboo.jp/schedule/detail/54583,梅田BANGBOO,
2026/10/19,月,Belly of The Frog,【awesome youth vol.3】,https://bangboo.jp/schedule/detail/54583,梅田BANGBOO,
2026/10/19,月,河口績,【awesome youth vol.3】,https://bangboo.jp/schedule/detail/54583,梅田BANGBOO,
2026/10/19,月,A peace of cake,【awesome youth vol.3】,https://bangboo.jp/schedule/detail/54583,梅田BANGBOO,
2026/10/20,火,むげんこんぜ,アイドル好きで何がわるい,https://bangboo.jp/schedule/detail/53574,梅田BANGBOO,
2026/10/20,火,うぃるめり！,アイドル好きで何がわるい,https://bangboo.jp/schedule/detail/53574,梅田BANGBOO,
2026/10/20,火,ハピネスクラッカー！,アイドル好きで何がわるい,https://bangboo.jp/schedule/detail/53574,梅田BANGBOO,
2026/10/20,火,Arch Angel,アイドル好きで何がわるい,https://bangboo.jp/schedule/detail/53574,梅田BANGBOO,
2026/10/20,火,めろでぃらびっと,アイドル好きで何がわるい,https://bangboo.jp/schedule/detail/53574,梅田BANGBOO,
2026/10/20,火,AsteRyhm,アイドル好きで何がわるい,https://bangboo.jp/schedule/detail/53574,梅田BANGBOO,
2026/10/20,火,NaNiYoRi,アイドル好きで何がわるい,https://bangboo.jp/schedule/detail/53574,梅田BANGBOO,
2026/10/20,火,Fortuness,アイドル好きで何がわるい,https://bangboo.jp/schedule/detail/53574,梅田BANGBOO,
2026/10/20,火,Lumi Prima,アイドル好きで何がわるい,https://bangboo.jp/schedule/detail/53574,梅田BANGBOO,
2026/10/20,火,Serenade,アイドル好きで何がわるい,https://bangboo.jp/schedule/detail/53574,梅田BANGBOO,
2026/10/21,水,きっと大切だった,"""IDOORLOVES"" -EXTRA SPARKING!-",https://bangboo.jp/schedule/detail/55031,梅田BANGBOO,
2026/10/21,水,ココロシンドローム,"""IDOORLOVES"" -EXTRA SPARKING!-",https://bangboo.jp/schedule/detail/55031,梅田BANGBOO,
2026/10/21,水,CYCLONISTA,"""IDOORLOVES"" -EXTRA SPARKING!-",https://bangboo.jp/schedule/detail/55031,梅田BANGBOO,
2026/10/21,水,白黒アリス,"""IDOORLOVES"" -EXTRA SPARKING!-",https://bangboo.jp/schedule/detail/55031,梅田BANGBOO,
2026/10/21,水,sync-sens,"""IDOORLOVES"" -EXTRA SPARKING!-",https://bangboo.jp/schedule/detail/55031,梅田BANGBOO,
2026/10/21,水,デスキャンディ,"""IDOORLOVES"" -EXTRA SPARKING!-",https://bangboo.jp/schedule/detail/55031,梅田BANGBOO,
2026/10/21,水,PLYDE,"""IDOORLOVES"" -EXTRA SPARKING!-",https://bangboo.jp/schedule/detail/55031,梅田BANGBOO,
2026/10/21,水,meluQ,"""IDOORLOVES"" -EXTRA SPARKING!-",https://bangboo.jp/schedule/detail/55031,梅田BANGBOO,
2026/10/21,水,リボンのないぷれぜんと,"""IDOORLOVES"" -EXTRA SPARKING!-",https://bangboo.jp/schedule/detail/55031,梅田BANGBOO,
2026/10/21,水,REBEL REBEL,"""IDOORLOVES"" -EXTRA SPARKING!-",https://bangboo.jp/schedule/detail/55031,梅田BANGBOO,
2026/10/21,水,LØISLOID,"""IDOORLOVES"" -EXTRA SPARKING!-",https://bangboo.jp/schedule/detail/55031,梅田BANGBOO,
2026/10/22,木,UNVEIL,UNVEIL×梅田BANGBOO pre.　【Overed Syndrome】,https://bangboo.jp/schedule/detail/52660,梅田BANGBOO,
2026/10/22,木,Echo,UNVEIL×梅田BANGBOO pre.　【Overed Syndrome】,https://bangboo.jp/schedule/detail/52660,梅田BANGBOO,
2026/10/22,木,Mate,UNVEIL×梅田BANGBOO pre.　【Overed Syndrome】,https://bangboo.jp/schedule/detail/52660,梅田BANGBOO,
2026/10/22,木,TIGER＆DRAGON,UNVEIL×梅田BANGBOO pre.　【Overed Syndrome】,https://bangboo.jp/schedule/detail/52660,梅田BANGBOO,
2026/10/22,木,Arank,UNVEIL×梅田BANGBOO pre.　【Overed Syndrome】,https://bangboo.jp/schedule/detail/52660,梅田BANGBOO,
2026/10/22,木,for Bloom,UNVEIL×梅田BANGBOO pre.　【Overed Syndrome】,https://bangboo.jp/schedule/detail/52660,梅田BANGBOO,
2026/10/22,木,Stage-Flight,UNVEIL×梅田BANGBOO pre.　【Overed Syndrome】,https://bangboo.jp/schedule/detail/52660,梅田BANGBOO,
2026/10/23,金,the twenties,Osaka One-Man Show This Fall,https://bangboo.jp/schedule/detail/50840,梅田BANGBOO,
2026/10/23,金,SHINSUKE OHNO,Osaka One-Man Show This Fall,https://bangboo.jp/schedule/detail/50840,梅田BANGBOO,
2026/10/24,土,セツナフロート,float code 0003 -re:code-,https://bangboo.jp/schedule/detail/49985,梅田BANGBOO,
2026/10/24,土,主催:白黒アリス  ゲスト:DIAVEL,白黒アリス 銃痕リリス生誕祭,https://bangboo.jp/schedule/detail/47932,梅田BANGBOO,
2026/10/24,土,カミサマパレード,白黒アリス 銃痕リリス生誕祭,https://bangboo.jp/schedule/detail/47932,梅田BANGBOO,
2026/10/24,土,MIRA DOLL,白黒アリス 銃痕リリス生誕祭,https://bangboo.jp/schedule/detail/47932,梅田BANGBOO,
2026/10/24,土,デスキャンディ,白黒アリス 銃痕リリス生誕祭,https://bangboo.jp/schedule/detail/47932,梅田BANGBOO,
2026/10/24,土,キラピュアップ,白黒アリス 銃痕リリス生誕祭,https://bangboo.jp/schedule/detail/47932,梅田BANGBOO,
2026/10/24,土,マギマギ研修生,白黒アリス 銃痕リリス生誕祭,https://bangboo.jp/schedule/detail/47932,梅田BANGBOO,
2026/10/25,日,ネテルダイヤ,香花生誕祭2026 〜こはなのアイドル衣装やさん〜,https://bangboo.jp/schedule/detail/56269,梅田BANGBOO,
2026/10/26,月,イヌガヨ,【堂山わんこ大戦争】vol.2 -イヌガヨ vs BANGBOO- vs BANGBOO,https://bangboo.jp/schedule/detail/54705,梅田BANGBOO,
2026/10/26,月,JUNIOR BREATH,【堂山わんこ大戦争】vol.2 -イヌガヨ vs BANGBOO- vs BANGBOO,https://bangboo.jp/schedule/detail/54705,梅田BANGBOO,
2026/10/26,月,Helpless Triangle,【堂山わんこ大戦争】vol.2 -イヌガヨ vs BANGBOO- vs BANGBOO,https://bangboo.jp/schedule/detail/54705,梅田BANGBOO,
2026/10/26,月,狂想ドッペル,【堂山わんこ大戦争】vol.2 -イヌガヨ vs BANGBOO- vs BANGBOO,https://bangboo.jp/schedule/detail/54705,梅田BANGBOO,
2026/10/26,月,THE BAMBOO SPIRITS CLUB,【堂山わんこ大戦争】vol.2 -イヌガヨ vs BANGBOO- vs BANGBOO,https://bangboo.jp/schedule/detail/54705,梅田BANGBOO,
2026/10/26,月,メルシー,【堂山わんこ大戦争】vol.2 -イヌガヨ vs BANGBOO- vs BANGBOO,https://bangboo.jp/schedule/detail/54705,梅田BANGBOO,
2026/10/26,月,ワダアツシとビアウマイオールスターズ,【堂山わんこ大戦争】vol.2 -イヌガヨ vs BANGBOO- vs BANGBOO,https://bangboo.jp/schedule/detail/54705,梅田BANGBOO,
2026/10/26,月,サンマーメン,【堂山わんこ大戦争】vol.2 -イヌガヨ vs BANGBOO- vs BANGBOO,https://bangboo.jp/schedule/detail/54705,梅田BANGBOO,
2026/10/31,土,DaTuRa,DaTuRa-ダチュラ-Presents ハロウィンワンマン 大阪編 『Trick or DaTuRa』,https://bangboo.jp/schedule/detail/49370,梅田BANGBOO,
2026/11/01,日,SHINKIRO&CO.,SHINKIRO&CO. LIVE TOUR 2026 ハローワールド！,https://bangboo.jp/schedule/detail/54001,梅田BANGBOO,
2026/11/05,木,歪-HIZUMI-,歪-HIZUMI- &BANGBOO pre.【歌花多-UTAKATA-】vol.2,https://bangboo.jp/schedule/detail/54402,梅田BANGBOO,
2026/11/05,木,ハシグチカナデリヤ,歪-HIZUMI- &BANGBOO pre.【歌花多-UTAKATA-】vol.2,https://bangboo.jp/schedule/detail/54402,梅田BANGBOO,
2026/11/05,木,夜が明ければ,歪-HIZUMI- &BANGBOO pre.【歌花多-UTAKATA-】vol.2,https://bangboo.jp/schedule/detail/54402,梅田BANGBOO,
2026/11/05,木,Edna,歪-HIZUMI- &BANGBOO pre.【歌花多-UTAKATA-】vol.2,https://bangboo.jp/schedule/detail/54402,梅田BANGBOO,
2026/11/05,木,Campanilla,歪-HIZUMI- &BANGBOO pre.【歌花多-UTAKATA-】vol.2,https://bangboo.jp/schedule/detail/54402,梅田BANGBOO,
2026/11/05,木,ANYDOUBT,歪-HIZUMI- &BANGBOO pre.【歌花多-UTAKATA-】vol.2,https://bangboo.jp/schedule/detail/54402,梅田BANGBOO,
2026/11/05,木,☆Skeleton panties☆,歪-HIZUMI- &BANGBOO pre.【歌花多-UTAKATA-】vol.2,https://bangboo.jp/schedule/detail/54402,梅田BANGBOO,
2026/11/06,金,crescentの花,crescentの花結成9周年ワンマンLiVE ビバ!!クレッシェンド｢GRAND SLAM｣,https://bangboo.jp/schedule/detail/51424,梅田BANGBOO,
2026/11/09,月,末法に至る,「梅田BANGBOO × OTONOVA 会場代表決定戦A」,https://bangboo.jp/schedule/detail/54465,梅田BANGBOO,
2026/11/09,月,The Cushions,「梅田BANGBOO × OTONOVA 会場代表決定戦A」,https://bangboo.jp/schedule/detail/54465,梅田BANGBOO,
2026/11/09,月,新世界心中,「梅田BANGBOO × OTONOVA 会場代表決定戦A」,https://bangboo.jp/schedule/detail/54465,梅田BANGBOO,
2026/11/09,月,令和黎明期,「梅田BANGBOO × OTONOVA 会場代表決定戦A」,https://bangboo.jp/schedule/detail/54465,梅田BANGBOO,
2026/11/09,月,SUB-CUL GIRL FANCLUB,「梅田BANGBOO × OTONOVA 会場代表決定戦A」,https://bangboo.jp/schedule/detail/54465,梅田BANGBOO,
2026/11/09,月,アンデコレイト,「梅田BANGBOO × OTONOVA 会場代表決定戦A」,https://bangboo.jp/schedule/detail/54465,梅田BANGBOO,
2026/11/09,月,日脚七櫻,「梅田BANGBOO × OTONOVA 会場代表決定戦A」,https://bangboo.jp/schedule/detail/54465,梅田BANGBOO,
2026/11/09,月,玉井早輝,「梅田BANGBOO × OTONOVA 会場代表決定戦A」,https://bangboo.jp/schedule/detail/54465,梅田BANGBOO,
2026/11/12,木,クリトリック・リス,【続・天下一不毛会】クリトリック・リス vs アイドル編 feat.Diamond Polishersvol.2,https://bangboo.jp/schedule/detail/54002,梅田BANGBOO,
2026/11/12,木,ネテルダイヤ,【続・天下一不毛会】クリトリック・リス vs アイドル編 feat.Diamond Polishersvol.2,https://bangboo.jp/schedule/detail/54002,梅田BANGBOO,
2026/11/12,木,妖狐繚乱,【続・天下一不毛会】クリトリック・リス vs アイドル編 feat.Diamond Polishersvol.2,https://bangboo.jp/schedule/detail/54002,梅田BANGBOO,
2026/11/12,木,LØISLOID,【続・天下一不毛会】クリトリック・リス vs アイドル編 feat.Diamond Polishersvol.2,https://bangboo.jp/schedule/detail/54002,梅田BANGBOO,
2026/11/12,木,鳴ル神,【続・天下一不毛会】クリトリック・リス vs アイドル編 feat.Diamond Polishersvol.2,https://bangboo.jp/schedule/detail/54002,梅田BANGBOO,
2026/11/12,木,無花果とマシンガン,【続・天下一不毛会】クリトリック・リス vs アイドル編 feat.Diamond Polishersvol.2,https://bangboo.jp/schedule/detail/54002,梅田BANGBOO,
2026/11/12,木,Arch Angel,【続・天下一不毛会】クリトリック・リス vs アイドル編 feat.Diamond Polishersvol.2,https://bangboo.jp/schedule/detail/54002,梅田BANGBOO,
2026/11/12,木,LuvHz,【続・天下一不毛会】クリトリック・リス vs アイドル編 feat.Diamond Polishersvol.2,https://bangboo.jp/schedule/detail/54002,梅田BANGBOO,
2026/11/12,木,SOCIAL× MATCH,【続・天下一不毛会】クリトリック・リス vs アイドル編 feat.Diamond Polishersvol.2,https://bangboo.jp/schedule/detail/54002,梅田BANGBOO,
2026/11/14,土,世史久,世史久祭り20th ver大阪編SP 大阪ドドスコベイベーNight,https://bangboo.jp/schedule/detail/49680,梅田BANGBOO,
2026/11/14,土,MEGAHORN,世史久祭り20th ver大阪編SP 大阪ドドスコベイベーNight,https://bangboo.jp/schedule/detail/49680,梅田BANGBOO,
2026/11/14,土,ハジ→,世史久祭り20th ver大阪編SP 大阪ドドスコベイベーNight,https://bangboo.jp/schedule/detail/49680,梅田BANGBOO,
2026/11/14,土,ELBRUNCH,世史久祭り20th ver大阪編SP 大阪ドドスコベイベーNight,https://bangboo.jp/schedule/detail/49680,梅田BANGBOO,
2026/11/14,土,侍,世史久祭り20th ver大阪編SP 大阪ドドスコベイベーNight,https://bangboo.jp/schedule/detail/49680,梅田BANGBOO,
2026/11/14,土,サーカスフォーカス,世史久祭り20th ver大阪編SP 大阪ドドスコベイベーNight,https://bangboo.jp/schedule/detail/49680,梅田BANGBOO,
2026/11/14,土,UnpRayable,世史久祭り20th ver大阪編SP 大阪ドドスコベイベーNight,https://bangboo.jp/schedule/detail/49680,梅田BANGBOO,
2026/11/14,土,イチゼンバッカー,世史久祭り20th ver大阪編SP 大阪ドドスコベイベーNight,https://bangboo.jp/schedule/detail/49680,梅田BANGBOO,
2026/11/14,土,T-face,世史久祭り20th ver大阪編SP 大阪ドドスコベイベーNight,https://bangboo.jp/schedule/detail/49680,梅田BANGBOO,
2026/11/14,土,10ripeeee,世史久祭り20th ver大阪編SP 大阪ドドスコベイベーNight,https://bangboo.jp/schedule/detail/49680,梅田BANGBOO,
2026/11/14,土,黒木隆弘,世史久祭り20th ver大阪編SP 大阪ドドスコベイベーNight,https://bangboo.jp/schedule/detail/49680,梅田BANGBOO,
2026/11/14,土,TSUBASA,世史久祭り20th ver大阪編SP 大阪ドドスコベイベーNight,https://bangboo.jp/schedule/detail/49680,梅田BANGBOO,
2026/11/14,土,Retro Page,世史久祭り20th ver大阪編SP 大阪ドドスコベイベーNight,https://bangboo.jp/schedule/detail/49680,梅田BANGBOO,
2026/11/14,土,natty time,世史久祭り20th ver大阪編SP 大阪ドドスコベイベーNight,https://bangboo.jp/schedule/detail/49680,梅田BANGBOO,
2026/11/14,土,ITO→たのし,世史久祭り20th ver大阪編SP 大阪ドドスコベイベーNight,https://bangboo.jp/schedule/detail/49680,梅田BANGBOO,
2026/11/14,土,MOHI,世史久祭り20th ver大阪編SP 大阪ドドスコベイベーNight,https://bangboo.jp/schedule/detail/49680,梅田BANGBOO,
2026/11/14,土,LOVE.T,世史久祭り20th ver大阪編SP 大阪ドドスコベイベーNight,https://bangboo.jp/schedule/detail/49680,梅田BANGBOO,
2026/11/14,土,natty time のCroffle,世史久祭り20th ver大阪編SP 大阪ドドスコベイベーNight,https://bangboo.jp/schedule/detail/49680,梅田BANGBOO,
2026/11/16,月,One last danceLane boy,One last dance(For)Lane boy&BANGBOO pre.【Catch'n My Vibe Of BANGBOO】,https://bangboo.jp/schedule/detail/54251,梅田BANGBOO,
2026/11/16,月,TEITEN,One last dance(For)Lane boy&BANGBOO pre.【Catch'n My Vibe Of BANGBOO】,https://bangboo.jp/schedule/detail/54251,梅田BANGBOO,
2026/11/16,月,Connamonoise,One last dance(For)Lane boy&BANGBOO pre.【Catch'n My Vibe Of BANGBOO】,https://bangboo.jp/schedule/detail/54251,梅田BANGBOO,
2026/11/16,月,キミモノガタリ,One last dance(For)Lane boy&BANGBOO pre.【Catch'n My Vibe Of BANGBOO】,https://bangboo.jp/schedule/detail/54251,梅田BANGBOO,
2026/11/16,月,CCD,One last dance(For)Lane boy&BANGBOO pre.【Catch'n My Vibe Of BANGBOO】,https://bangboo.jp/schedule/detail/54251,梅田BANGBOO,
2026/11/16,月,NOIQ,One last dance(For)Lane boy&BANGBOO pre.【Catch'n My Vibe Of BANGBOO】,https://bangboo.jp/schedule/detail/54251,梅田BANGBOO,
2026/11/16,月,The Tools,One last dance(For)Lane boy&BANGBOO pre.【Catch'n My Vibe Of BANGBOO】,https://bangboo.jp/schedule/detail/54251,梅田BANGBOO,
2026/11/16,月,つやさん,One last dance(For)Lane boy&BANGBOO pre.【Catch'n My Vibe Of BANGBOO】,https://bangboo.jp/schedule/detail/54251,梅田BANGBOO,
2026/11/18,水,断絶交流,【DOYAMarvelous vol.11】,https://bangboo.jp/schedule/detail/54757,梅田BANGBOO,
2026/11/18,水,SAWA,【DOYAMarvelous vol.11】,https://bangboo.jp/schedule/detail/54757,梅田BANGBOO,
2026/11/18,水,Yumeake,【DOYAMarvelous vol.11】,https://bangboo.jp/schedule/detail/54757,梅田BANGBOO,
2026/11/18,水,ジオメトラマ,【DOYAMarvelous vol.11】,https://bangboo.jp/schedule/detail/54757,梅田BANGBOO,
2026/11/18,水,ガーベラマフラー,【DOYAMarvelous vol.11】,https://bangboo.jp/schedule/detail/54757,梅田BANGBOO,
2026/11/18,水,文章乞食,【DOYAMarvelous vol.11】,https://bangboo.jp/schedule/detail/54757,梅田BANGBOO,
2026/11/18,水,and more,【DOYAMarvelous vol.11】,https://bangboo.jp/schedule/detail/54757,梅田BANGBOO,
2026/11/22,日,SERRA,SERRA『X:CEED』 Release Tour,https://bangboo.jp/schedule/detail/50852,梅田BANGBOO,
2026/11/29,日,Aivery,This is Aivery,https://bangboo.jp/schedule/detail/56555,梅田BANGBOO,
2026/11/29,日,KAIJU ON THE STAGE,IDOL COLLECTION mini,https://bangboo.jp/schedule/detail/48522,梅田BANGBOO,
2026/11/29,日,すーぱーぷーばあー！！,IDOL COLLECTION mini,https://bangboo.jp/schedule/detail/48522,梅田BANGBOO,
2026/11/30,月,赤いアフロ,赤いアフロ&BANGBOO pre. 【ロード・オブ・ザ・アフロ】 アフロから始まるWINDING ROAD,https://bangboo.jp/schedule/detail/54863,梅田BANGBOO,
2026/11/30,月,soratobiwo,赤いアフロ&BANGBOO pre. 【ロード・オブ・ザ・アフロ】 アフロから始まるWINDING ROAD,https://bangboo.jp/schedule/detail/54863,梅田BANGBOO,
2026/11/30,月,みみみ食堂,赤いアフロ&BANGBOO pre. 【ロード・オブ・ザ・アフロ】 アフロから始まるWINDING ROAD,https://bangboo.jp/schedule/detail/54863,梅田BANGBOO,
2026/11/30,月,いたづら,赤いアフロ&BANGBOO pre. 【ロード・オブ・ザ・アフロ】 アフロから始まるWINDING ROAD,https://bangboo.jp/schedule/detail/54863,梅田BANGBOO,
2026/11/30,月,D’ypcys,赤いアフロ&BANGBOO pre. 【ロード・オブ・ザ・アフロ】 アフロから始まるWINDING ROAD,https://bangboo.jp/schedule/detail/54863,梅田BANGBOO,
2026/11/30,月,WONDER CITY BOYS,赤いアフロ&BANGBOO pre. 【ロード・オブ・ザ・アフロ】 アフロから始まるWINDING ROAD,https://bangboo.jp/schedule/detail/54863,梅田BANGBOO,
2026/11/30,月,JUNK HEARTS,赤いアフロ&BANGBOO pre. 【ロード・オブ・ザ・アフロ】 アフロから始まるWINDING ROAD,https://bangboo.jp/schedule/detail/54863,梅田BANGBOO,
2026/12/04,金,YRD Leo,YRD Leo SOLO LIVE 2026 「REUNION 2」,https://bangboo.jp/schedule/detail/55775,梅田BANGBOO,
2026/12/05,土,The Legend of Rose,「Battle Of Hard Rock 2026」〜冬の陣〜,https://bangboo.jp/schedule/detail/49757,梅田BANGBOO,
2026/12/05,土,Legacy Of Wolf,「Battle Of Hard Rock 2026」〜冬の陣〜,https://bangboo.jp/schedule/detail/49757,梅田BANGBOO,
2026/12/05,土,CONCERTO MOON,「Battle Of Hard Rock 2026」〜冬の陣〜,https://bangboo.jp/schedule/detail/49757,梅田BANGBOO,
2026/12/06,日,メトロノーム,誕-フクスケ,https://bangboo.jp/schedule/detail/49763,梅田BANGBOO,
2026/12/08,火,羅刹,The Dawn of a New Era vol.9,https://bangboo.jp/schedule/detail/54389,梅田BANGBOO,
2026/12/08,火,Bloom in Zero,The Dawn of a New Era vol.9,https://bangboo.jp/schedule/detail/54389,梅田BANGBOO,
2026/12/08,火,ASTROCITY,The Dawn of a New Era vol.9,https://bangboo.jp/schedule/detail/54389,梅田BANGBOO,
2026/12/08,火,Addiction end in thrive,The Dawn of a New Era vol.9,https://bangboo.jp/schedule/detail/54389,梅田BANGBOO,
2026/12/08,火,UNVEIL,The Dawn of a New Era vol.9,https://bangboo.jp/schedule/detail/54389,梅田BANGBOO,
2026/12/08,火,SOL BEHIND THE CROWD,The Dawn of a New Era vol.9,https://bangboo.jp/schedule/detail/54389,梅田BANGBOO,
2026/12/08,火,VelvetGlow,The Dawn of a New Era vol.9,https://bangboo.jp/schedule/detail/54389,梅田BANGBOO,
2026/12/08,火,KEEP FROZEN,The Dawn of a New Era vol.9,https://bangboo.jp/schedule/detail/54389,梅田BANGBOO,
2026/12/16,水,スイモアマイモン！,スイモアマイモン！ワンマンライブ,https://bangboo.jp/schedule/detail/54142,梅田BANGBOO,
2026/12/21,月,ELECTRIC MAMA　oneman LIVE!!!!!,ELECTRIC MAMA 『Last Artemis』Release ONE-MAN LIVE & アリサゾンビ爆誕祭,https://bangboo.jp/schedule/detail/49869,梅田BANGBOO,
2026/12/23,水,しゃららんベイビーズ,しゃららんベイビーズ&BANGBOO pre.【アナタガイナイトハジマラナイ vol.1】,https://bangboo.jp/schedule/detail/54124,梅田BANGBOO,
2026/12/23,水,Ororin,しゃららんベイビーズ&BANGBOO pre.【アナタガイナイトハジマラナイ vol.1】,https://bangboo.jp/schedule/detail/54124,梅田BANGBOO,
2026/12/23,水,みみみ食堂,しゃららんベイビーズ&BANGBOO pre.【アナタガイナイトハジマラナイ vol.1】,https://bangboo.jp/schedule/detail/54124,梅田BANGBOO,
2026/12/23,水,Neil DiMC,しゃららんベイビーズ&BANGBOO pre.【アナタガイナイトハジマラナイ vol.1】,https://bangboo.jp/schedule/detail/54124,梅田BANGBOO,
2026/12/23,水,One Once Over,しゃららんベイビーズ&BANGBOO pre.【アナタガイナイトハジマラナイ vol.1】,https://bangboo.jp/schedule/detail/54124,梅田BANGBOO,
2026/12/23,水,Amazing Nights,しゃららんベイビーズ&BANGBOO pre.【アナタガイナイトハジマラナイ vol.1】,https://bangboo.jp/schedule/detail/54124,梅田BANGBOO,
2026/12/23,水,Ash Drop,しゃららんベイビーズ&BANGBOO pre.【アナタガイナイトハジマラナイ vol.1】,https://bangboo.jp/schedule/detail/54124,梅田BANGBOO,
2027/01/24,日,Daoko,BIRTH IN BLUE TOUR 2027,https://bangboo.jp/schedule/detail/54859,梅田BANGBOO,
2027/02/19,金,colorin'c,colorin'c 1st Anniversary ONEMAN LIVE in OSAKA 「私たちだけのキャンバス」,https://bangboo.jp/schedule/detail/55614,梅田BANGBOO,
2027/03/04,木,畑歩,畑歩 Birthday One-man live 「ORBIT」,https://bangboo.jp/schedule/detail/55873,梅田BANGBOO,
2026/10/01,木,ボクセカ,ボクセカ平日単独公演 -無規制,https://clubdrop.jp/schedule/detail/52217,アメリカ村DROP,
2026/10/02,金,WAY DO THRU,WAY DO THRU 2nd album「Listen to me」ツアー大阪編,https://clubdrop.jp/schedule/detail/56598,アメリカ村DROP,
2026/10/02,金,Disconnect Cendrillon,WAY DO THRU 2nd album「Listen to me」ツアー大阪編,https://clubdrop.jp/schedule/detail/56598,アメリカ村DROP,
2026/10/02,金,VAX TRAIL,WAY DO THRU 2nd album「Listen to me」ツアー大阪編,https://clubdrop.jp/schedule/detail/56598,アメリカ村DROP,
2026/10/02,金,STAYBLUE,WAY DO THRU 2nd album「Listen to me」ツアー大阪編,https://clubdrop.jp/schedule/detail/56598,アメリカ村DROP,
2026/10/02,金,Skade,WAY DO THRU 2nd album「Listen to me」ツアー大阪編,https://clubdrop.jp/schedule/detail/56598,アメリカ村DROP,
2026/10/02,金,ANTI GUN THE FORCE,WAY DO THRU 2nd album「Listen to me」ツアー大阪編,https://clubdrop.jp/schedule/detail/56598,アメリカ村DROP,
2026/10/03,土,うぃるめり!,アイドル好きで何がわるい,https://clubdrop.jp/schedule/detail/56586,アメリカ村DROP,
2026/10/03,土,超★NOVA24’,アイドル好きで何がわるい,https://clubdrop.jp/schedule/detail/56586,アメリカ村DROP,
2026/10/03,土,SANUGLOW,アイドル好きで何がわるい,https://clubdrop.jp/schedule/detail/56586,アメリカ村DROP,
2026/10/03,土,ゼロキョリハーツ,アイドル好きで何がわるい,https://clubdrop.jp/schedule/detail/56586,アメリカ村DROP,
2026/10/03,土,むげんこんぜ,アイドル好きで何がわるい,https://clubdrop.jp/schedule/detail/56586,アメリカ村DROP,
2026/10/03,土,NaNiYoRi,アイドル好きで何がわるい,https://clubdrop.jp/schedule/detail/56586,アメリカ村DROP,
2026/10/03,土,ディノゾール,アイドル好きで何がわるい,https://clubdrop.jp/schedule/detail/56586,アメリカ村DROP,
2026/10/03,土,彩月莉愛,アイドル好きで何がわるい,https://clubdrop.jp/schedule/detail/56586,アメリカ村DROP,
2026/10/03,土,Lumi Prima,ABSTRACT COLORFUL,https://clubdrop.jp/schedule/detail/47588,アメリカ村DROP,
2026/10/03,土,LOTUS MARRY,ABSTRACT COLORFUL,https://clubdrop.jp/schedule/detail/47588,アメリカ村DROP,
2026/10/03,土,#PANnana,ABSTRACT COLORFUL,https://clubdrop.jp/schedule/detail/47588,アメリカ村DROP,
2026/10/03,土,にぃよん!,ABSTRACT COLORFUL,https://clubdrop.jp/schedule/detail/47588,アメリカ村DROP,
2026/10/03,土,なにわぱれっと,ABSTRACT COLORFUL,https://clubdrop.jp/schedule/detail/47588,アメリカ村DROP,
2026/10/03,土,アブソプ,第零地区,https://clubdrop.jp/schedule/detail/56371,アメリカ村DROP,
2026/10/03,土,GRINOAH,第零地区,https://clubdrop.jp/schedule/detail/56371,アメリカ村DROP,
2026/10/03,土,ココロシンドローム,第零地区,https://clubdrop.jp/schedule/detail/56371,アメリカ村DROP,
2026/10/03,土,デスキャンディ,第零地区,https://clubdrop.jp/schedule/detail/56371,アメリカ村DROP,
2026/10/03,土,マギマギ研修生,第零地区,https://clubdrop.jp/schedule/detail/56371,アメリカ村DROP,
2026/10/03,土,BLONDnewHALF - Special Long Set,"BLONDnewHALF 20th Anniversary Special Party  ""SSDD - The Grand Masters Summit -""",https://clubdrop.jp/schedule/detail/52224,アメリカ村DROP,
2026/10/03,土,AQATUKI,"BLONDnewHALF 20th Anniversary Special Party  ""SSDD - The Grand Masters Summit -""",https://clubdrop.jp/schedule/detail/52224,アメリカ村DROP,
2026/10/03,土,MASTERPEACE,"BLONDnewHALF 20th Anniversary Special Party  ""SSDD - The Grand Masters Summit -""",https://clubdrop.jp/schedule/detail/52224,アメリカ村DROP,
2026/10/03,土,KOTSUBOKU ALTZ,"BLONDnewHALF 20th Anniversary Special Party  ""SSDD - The Grand Masters Summit -""",https://clubdrop.jp/schedule/detail/52224,アメリカ村DROP,
2026/10/03,土,hen男子,"BLONDnewHALF 20th Anniversary Special Party  ""SSDD - The Grand Masters Summit -""",https://clubdrop.jp/schedule/detail/52224,アメリカ村DROP,
2026/10/03,土,Doppelgenger,"BLONDnewHALF 20th Anniversary Special Party  ""SSDD - The Grand Masters Summit -""",https://clubdrop.jp/schedule/detail/52224,アメリカ村DROP,
2026/10/03,土,VERYONE,"BLONDnewHALF 20th Anniversary Special Party  ""SSDD - The Grand Masters Summit -""",https://clubdrop.jp/schedule/detail/52224,アメリカ村DROP,
2026/10/03,土,DUBBY BON,"BLONDnewHALF 20th Anniversary Special Party  ""SSDD - The Grand Masters Summit -""",https://clubdrop.jp/schedule/detail/52224,アメリカ村DROP,
2026/10/03,土,黒毛和牛 小保方まげ子ウスヤマサラ,"BLONDnewHALF 20th Anniversary Special Party  ""SSDD - The Grand Masters Summit -""",https://clubdrop.jp/schedule/detail/52224,アメリカ村DROP,
2026/10/03,土,たこ焼きしんちゃん,"BLONDnewHALF 20th Anniversary Special Party  ""SSDD - The Grand Masters Summit -""",https://clubdrop.jp/schedule/detail/52224,アメリカ村DROP,
2026/10/03,土,YURIRINPA KENZO  マルトウ   REBEL CARNIVAL,"BLONDnewHALF 20th Anniversary Special Party  ""SSDD - The Grand Masters Summit -""",https://clubdrop.jp/schedule/detail/52224,アメリカ村DROP,
2026/10/04,日,GΛLNØA,CUTiE TiME,https://clubdrop.jp/schedule/detail/48586,アメリカ村DROP,
2026/10/04,日,SUGAR SPRAK,CUTiE TiME,https://clubdrop.jp/schedule/detail/48586,アメリカ村DROP,
2026/10/04,日,てんぽぷりも♪,CUTiE TiME,https://clubdrop.jp/schedule/detail/48586,アメリカ村DROP,
2026/10/04,日,+Alpha,CUTiE TiME,https://clubdrop.jp/schedule/detail/48586,アメリカ村DROP,
2026/10/04,日,むげんこんぜ,CUTiE TiME,https://clubdrop.jp/schedule/detail/48586,アメリカ村DROP,
2026/10/04,日,MeluCharm,CUTiE TiME,https://clubdrop.jp/schedule/detail/48586,アメリカ村DROP,
2026/10/04,日,LuvHz,CUTiE TiME,https://clubdrop.jp/schedule/detail/48586,アメリカ村DROP,
2026/10/04,日,ウツシヨ,ウツシヨNew Album『泡沫ロマンス』Release Tour〜ウツシヨにとっちゃあ、5つも周りゃあ立派なツアー〜,https://clubdrop.jp/schedule/detail/51909,アメリカ村DROP,
2026/10/04,日,asano raincoat,ウツシヨNew Album『泡沫ロマンス』Release Tour〜ウツシヨにとっちゃあ、5つも周りゃあ立派なツアー〜,https://clubdrop.jp/schedule/detail/51909,アメリカ村DROP,
2026/10/04,日,コスメティックラヴァーズ,ウツシヨNew Album『泡沫ロマンス』Release Tour〜ウツシヨにとっちゃあ、5つも周りゃあ立派なツアー〜,https://clubdrop.jp/schedule/detail/51909,アメリカ村DROP,
2026/10/04,日,南風とクジラ,ウツシヨNew Album『泡沫ロマンス』Release Tour〜ウツシヨにとっちゃあ、5つも周りゃあ立派なツアー〜,https://clubdrop.jp/schedule/detail/51909,アメリカ村DROP,
2026/10/05,月,EMILY,Re:SPREE vol.5,https://clubdrop.jp/schedule/detail/52647,アメリカ村DROP,
2026/10/05,月,キセイチュウ,Re:SPREE vol.5,https://clubdrop.jp/schedule/detail/52647,アメリカ村DROP,
2026/10/05,月,Bitch Sylvia Never Ends,Re:SPREE vol.5,https://clubdrop.jp/schedule/detail/52647,アメリカ村DROP,
2026/10/07,水,Aloud,"Aloud×Sleepless Endorphine 東群名阪ツアー ""Loudorphine Meets your Hearts TOUR""",https://clubdrop.jp/schedule/detail/56465,アメリカ村DROP,
2026/10/07,水,Sleepless Endorphine,"Aloud×Sleepless Endorphine 東群名阪ツアー ""Loudorphine Meets your Hearts TOUR""",https://clubdrop.jp/schedule/detail/56465,アメリカ村DROP,
2026/10/07,水,WithRungeer,"Aloud×Sleepless Endorphine 東群名阪ツアー ""Loudorphine Meets your Hearts TOUR""",https://clubdrop.jp/schedule/detail/56465,アメリカ村DROP,
2026/10/07,水,WAY DO THRU,"Aloud×Sleepless Endorphine 東群名阪ツアー ""Loudorphine Meets your Hearts TOUR""",https://clubdrop.jp/schedule/detail/56465,アメリカ村DROP,
2026/10/07,水,Blooms After The Rain,"Aloud×Sleepless Endorphine 東群名阪ツアー ""Loudorphine Meets your Hearts TOUR""",https://clubdrop.jp/schedule/detail/56465,アメリカ村DROP,
2026/10/08,木,HYSTERIA,HYSTERIA GHOST RELEASE TOUR2026,https://clubdrop.jp/schedule/detail/55230,アメリカ村DROP,
2026/10/08,木,SEEK US NEED,HYSTERIA GHOST RELEASE TOUR2026,https://clubdrop.jp/schedule/detail/55230,アメリカ村DROP,
2026/10/08,木,KEEP FROZEN,HYSTERIA GHOST RELEASE TOUR2026,https://clubdrop.jp/schedule/detail/55230,アメリカ村DROP,
2026/10/08,木,LAST SCREAM DAYZ,HYSTERIA GHOST RELEASE TOUR2026,https://clubdrop.jp/schedule/detail/55230,アメリカ村DROP,
2026/10/08,木,SUBLIMINALS,HYSTERIA GHOST RELEASE TOUR2026,https://clubdrop.jp/schedule/detail/55230,アメリカ村DROP,
2026/10/08,木,Addiction end in thrive,HYSTERIA GHOST RELEASE TOUR2026,https://clubdrop.jp/schedule/detail/55230,アメリカ村DROP,
2026/10/08,木,Cats Rule The World,HYSTERIA GHOST RELEASE TOUR2026,https://clubdrop.jp/schedule/detail/55230,アメリカ村DROP,
2026/10/09,金,ASH FRAST,ASH FRAST 3rd Anniversary Tour 「REIGNITE」 ~愛沢絢夏 バースデー大阪編~,https://clubdrop.jp/schedule/detail/56599,アメリカ村DROP,
2026/10/09,金,82回目の終身刑,ASH FRAST 3rd Anniversary Tour 「REIGNITE」 ~愛沢絢夏 バースデー大阪編~,https://clubdrop.jp/schedule/detail/56599,アメリカ村DROP,
2026/10/09,金,MANATY,ASH FRAST 3rd Anniversary Tour 「REIGNITE」 ~愛沢絢夏 バースデー大阪編~,https://clubdrop.jp/schedule/detail/56599,アメリカ村DROP,
2026/10/09,金,MiNO,ASH FRAST 3rd Anniversary Tour 「REIGNITE」 ~愛沢絢夏 バースデー大阪編~,https://clubdrop.jp/schedule/detail/56599,アメリカ村DROP,
2026/10/10,土,詳細欄をご確認下さい,Maxell presents FM802 MINAMI WHEEL 2026,https://clubdrop.jp/schedule/detail/54185,アメリカ村DROP,
2026/10/10,土,Bye-Bye-Handの方程式,ミナホ天国-MINAMI WHEEL EDITION-,https://clubdrop.jp/schedule/detail/55108,アメリカ村DROP,
2026/10/10,土,Hello Hello,ミナホ天国-MINAMI WHEEL EDITION-,https://clubdrop.jp/schedule/detail/55108,アメリカ村DROP,
2026/10/10,土,夕方と猫,ミナホ天国-MINAMI WHEEL EDITION-,https://clubdrop.jp/schedule/detail/55108,アメリカ村DROP,
2026/10/10,土,RIP DISHONOR,ミナホ天国-MINAMI WHEEL EDITION-,https://clubdrop.jp/schedule/detail/55108,アメリカ村DROP,
2026/10/10,土,「夜と同時に、動き出す。」,ミナホ天国-MINAMI WHEEL EDITION-,https://clubdrop.jp/schedule/detail/55108,アメリカ村DROP,
2026/10/10,土,and more and 公募枠,ミナホ天国-MINAMI WHEEL EDITION-,https://clubdrop.jp/schedule/detail/55108,アメリカ村DROP,
2026/10/11,日,詳細欄をご確認下さい,Maxell presents FM802 MINAMI WHEEL 2026,https://clubdrop.jp/schedule/detail/54186,アメリカ村DROP,
2026/10/12,月,詳細欄をご確認下さい,Maxell presents FM802 MINAMI WHEEL 2026,https://clubdrop.jp/schedule/detail/54187,アメリカ村DROP,
2026/10/14,水,優利香,-MINAMIWHEEL EDITION- 11/23ゴリラホールワンマン開催特別企画！ 優利香Pre.先着250人限定！ グッズ付き無料ワンマンライブ,https://clubdrop.jp/schedule/detail/53650,アメリカ村DROP,
2026/10/15,木,Parallel Frank,Go to The Earth Tour 2026 -Osaka Edition- ASH FRAST 3rd Anniversary Tour「REIGNITE」,https://clubdrop.jp/schedule/detail/56113,アメリカ村DROP,
2026/10/15,木,ASH FRAST,Go to The Earth Tour 2026 -Osaka Edition- ASH FRAST 3rd Anniversary Tour「REIGNITE」,https://clubdrop.jp/schedule/detail/56113,アメリカ村DROP,
2026/10/15,木,when the party's over,Go to The Earth Tour 2026 -Osaka Edition- ASH FRAST 3rd Anniversary Tour「REIGNITE」,https://clubdrop.jp/schedule/detail/56113,アメリカ村DROP,
2026/10/15,木,UPSET,Go to The Earth Tour 2026 -Osaka Edition- ASH FRAST 3rd Anniversary Tour「REIGNITE」,https://clubdrop.jp/schedule/detail/56113,アメリカ村DROP,
2026/10/15,木,CURIOSITY.,Go to The Earth Tour 2026 -Osaka Edition- ASH FRAST 3rd Anniversary Tour「REIGNITE」,https://clubdrop.jp/schedule/detail/56113,アメリカ村DROP,
2026/10/15,木,UnpRayablejohn,Go to The Earth Tour 2026 -Osaka Edition- ASH FRAST 3rd Anniversary Tour「REIGNITE」,https://clubdrop.jp/schedule/detail/56113,アメリカ村DROP,
2026/10/16,金,タニシ  駐禁bot,ちょっと遅めのタニシ生誕ライブ,https://clubdrop.jp/schedule/detail/53253,アメリカ村DROP,
2026/10/16,金,かい,ちょっと遅めのタニシ生誕ライブ,https://clubdrop.jp/schedule/detail/53253,アメリカ村DROP,
2026/10/16,金,りょう,ちょっと遅めのタニシ生誕ライブ,https://clubdrop.jp/schedule/detail/53253,アメリカ村DROP,
2026/10/16,金,-DJ-  ASSY,Minnade asobo vol.2,https://clubdrop.jp/schedule/detail/55863,アメリカ村DROP,
2026/10/16,金,chUn,Minnade asobo vol.2,https://clubdrop.jp/schedule/detail/55863,アメリカ村DROP,
2026/10/16,金,Oi kikuchi,Minnade asobo vol.2,https://clubdrop.jp/schedule/detail/55863,アメリカ村DROP,
2026/10/16,金,TERU,Minnade asobo vol.2,https://clubdrop.jp/schedule/detail/55863,アメリカ村DROP,
2026/10/17,土,Lumi Prima,Lumi Prima ハロウィン単独公演 Angel編,https://clubdrop.jp/schedule/detail/47589,アメリカ村DROP,
2026/10/17,土,SANUGLOW,SANUGLOW ハロウィン単独公演 Angel編,https://clubdrop.jp/schedule/detail/56301,アメリカ村DROP,
2026/10/17,土,GRINOAH,GRINOAH ハロウィン単独公演 Angel編,https://clubdrop.jp/schedule/detail/56302,アメリカ村DROP,
2026/10/17,土,アブソプ,アブソプ ハロウィン単独公演 Angel編,https://clubdrop.jp/schedule/detail/56317,アメリカ村DROP,
2026/10/17,土,SPRISE,SPRISE ハロウィン単独公演 Angel編,https://clubdrop.jp/schedule/detail/56303,アメリカ村DROP,
2026/10/17,土,and more...,SAMHAIN,https://clubdrop.jp/schedule/detail/56305,アメリカ村DROP,
2026/10/18,日,あいりっしゅふぁいぶ,KUROMAME FES Vol.2 みるかみる Birthday Live,https://clubdrop.jp/schedule/detail/48161,アメリカ村DROP,
2026/10/18,日,オトギリソウ,KUROMAME FES Vol.2 みるかみる Birthday Live,https://clubdrop.jp/schedule/detail/48161,アメリカ村DROP,
2026/10/18,日,Sheglapes,KUROMAME FES Vol.2 みるかみる Birthday Live,https://clubdrop.jp/schedule/detail/48161,アメリカ村DROP,
2026/10/18,日,CHi+KAZZ,KUROMAME FES Vol.2 みるかみる Birthday Live,https://clubdrop.jp/schedule/detail/48161,アメリカ村DROP,
2026/10/18,日,にゃんにゃん倶楽部,KUROMAME FES Vol.2 みるかみる Birthday Live,https://clubdrop.jp/schedule/detail/48161,アメリカ村DROP,
2026/10/18,日,BIG BLACK BEANZ,KUROMAME FES Vol.2 みるかみる Birthday Live,https://clubdrop.jp/schedule/detail/48161,アメリカ村DROP,
2026/10/18,日,ファーストディナー,KUROMAME FES Vol.2 みるかみる Birthday Live,https://clubdrop.jp/schedule/detail/48161,アメリカ村DROP,
2026/10/18,日,82回目の終身刑,KUROMAME FES Vol.2 みるかみる Birthday Live,https://clubdrop.jp/schedule/detail/48161,アメリカ村DROP,
2026/10/18,日,little en limit,KUROMAME FES Vol.2 みるかみる Birthday Live,https://clubdrop.jp/schedule/detail/48161,アメリカ村DROP,
2026/10/18,日,Re:mind   青葉蘭世,KUROMAME FES Vol.2 みるかみる Birthday Live,https://clubdrop.jp/schedule/detail/48161,アメリカ村DROP,
2026/10/18,日,朱璃晶絵,KUROMAME FES Vol.2 みるかみる Birthday Live,https://clubdrop.jp/schedule/detail/48161,アメリカ村DROP,
2026/10/18,日,あくる,KUROMAME FES Vol.2 みるかみる Birthday Live,https://clubdrop.jp/schedule/detail/48161,アメリカ村DROP,
2026/10/18,日,卯月ひなみ,KUROMAME FES Vol.2 みるかみる Birthday Live,https://clubdrop.jp/schedule/detail/48161,アメリカ村DROP,
2026/10/18,日,ophelia 20mg,KUROMAME FES Vol.2 みるかみる Birthday Live,https://clubdrop.jp/schedule/detail/48161,アメリカ村DROP,
2026/10/18,日,神井花音,KUROMAME FES Vol.2 みるかみる Birthday Live,https://clubdrop.jp/schedule/detail/48161,アメリカ村DROP,
2026/10/18,日,木下りこ,KUROMAME FES Vol.2 みるかみる Birthday Live,https://clubdrop.jp/schedule/detail/48161,アメリカ村DROP,
2026/10/18,日,木元のぞみ,KUROMAME FES Vol.2 みるかみる Birthday Live,https://clubdrop.jp/schedule/detail/48161,アメリカ村DROP,
2026/10/18,日,言葉ことね,KUROMAME FES Vol.2 みるかみる Birthday Live,https://clubdrop.jp/schedule/detail/48161,アメリカ村DROP,
2026/10/18,日,早乙女麗那,KUROMAME FES Vol.2 みるかみる Birthday Live,https://clubdrop.jp/schedule/detail/48161,アメリカ村DROP,
2026/10/18,日,佐倉こうめ,KUROMAME FES Vol.2 みるかみる Birthday Live,https://clubdrop.jp/schedule/detail/48161,アメリカ村DROP,
2026/10/18,日,月雲さくら,KUROMAME FES Vol.2 みるかみる Birthday Live,https://clubdrop.jp/schedule/detail/48161,アメリカ村DROP,
2026/10/18,日,tetote,KUROMAME FES Vol.2 みるかみる Birthday Live,https://clubdrop.jp/schedule/detail/48161,アメリカ村DROP,
2026/10/18,日,陽音アリア,KUROMAME FES Vol.2 みるかみる Birthday Live,https://clubdrop.jp/schedule/detail/48161,アメリカ村DROP,
2026/10/18,日,柊ゆう,KUROMAME FES Vol.2 みるかみる Birthday Live,https://clubdrop.jp/schedule/detail/48161,アメリカ村DROP,
2026/10/18,日,まりえ,KUROMAME FES Vol.2 みるかみる Birthday Live,https://clubdrop.jp/schedule/detail/48161,アメリカ村DROP,
2026/10/18,日,MISSIW,KUROMAME FES Vol.2 みるかみる Birthday Live,https://clubdrop.jp/schedule/detail/48161,アメリカ村DROP,
2026/10/18,日,みるかみる,KUROMAME FES Vol.2 みるかみる Birthday Live,https://clubdrop.jp/schedule/detail/48161,アメリカ村DROP,
2026/10/18,日,役満ちりん,KUROMAME FES Vol.2 みるかみる Birthday Live,https://clubdrop.jp/schedule/detail/48161,アメリカ村DROP,
2026/10/18,日,勿忘うた  佐藤ハリー,KUROMAME FES Vol.2 みるかみる Birthday Live,https://clubdrop.jp/schedule/detail/48161,アメリカ村DROP,
2026/10/18,日,やまーと,KUROMAME FES Vol.2 みるかみる Birthday Live,https://clubdrop.jp/schedule/detail/48161,アメリカ村DROP,
2026/10/18,日,七海しあち。,KUROMAME FES Vol.2 みるかみる Birthday Live,https://clubdrop.jp/schedule/detail/48161,アメリカ村DROP,
2026/10/18,日,MiSaKinG a.k.a NyaRu,KUROMAME FES Vol.2 みるかみる Birthday Live,https://clubdrop.jp/schedule/detail/48161,アメリカ村DROP,
2026/10/18,日,わっつん,KUROMAME FES Vol.2 みるかみる Birthday Live,https://clubdrop.jp/schedule/detail/48161,アメリカ村DROP,
2026/10/18,日,Takkar,KUROMAME FES Vol.2 みるかみる Birthday Live,https://clubdrop.jp/schedule/detail/48161,アメリカ村DROP,
2026/10/21,水,性傷年倶楽部 鐘ト銃声,鐘ト銃声総合病院,https://clubdrop.jp/schedule/detail/53789,アメリカ村DROP,
2026/10/22,木,Charlotte,#ﾆｷﾌﾟﾚ『オオサカｯ!! -20261022-』,https://clubdrop.jp/schedule/detail/50575,アメリカ村DROP,
2026/10/22,木,CYCLONISTA,#ﾆｷﾌﾟﾚ『オオサカｯ!! -20261022-』,https://clubdrop.jp/schedule/detail/50575,アメリカ村DROP,
2026/10/22,木,ENVY PARANOID,#ﾆｷﾌﾟﾚ『オオサカｯ!! -20261022-』,https://clubdrop.jp/schedule/detail/50575,アメリカ村DROP,
2026/10/22,木,LØISLOID,#ﾆｷﾌﾟﾚ『オオサカｯ!! -20261022-』,https://clubdrop.jp/schedule/detail/50575,アメリカ村DROP,
2026/10/22,木,LUVRiX,#ﾆｷﾌﾟﾚ『オオサカｯ!! -20261022-』,https://clubdrop.jp/schedule/detail/50575,アメリカ村DROP,
2026/10/22,木,matatabi,#ﾆｷﾌﾟﾚ『オオサカｯ!! -20261022-』,https://clubdrop.jp/schedule/detail/50575,アメリカ村DROP,
2026/10/22,木,meluQ,#ﾆｷﾌﾟﾚ『オオサカｯ!! -20261022-』,https://clubdrop.jp/schedule/detail/50575,アメリカ村DROP,
2026/10/22,木,Merry Mellow,#ﾆｷﾌﾟﾚ『オオサカｯ!! -20261022-』,https://clubdrop.jp/schedule/detail/50575,アメリカ村DROP,
2026/10/22,木,PASTEL RADIO,#ﾆｷﾌﾟﾚ『オオサカｯ!! -20261022-』,https://clubdrop.jp/schedule/detail/50575,アメリカ村DROP,
2026/10/22,木,PURE ME,#ﾆｷﾌﾟﾚ『オオサカｯ!! -20261022-』,https://clubdrop.jp/schedule/detail/50575,アメリカ村DROP,
2026/10/22,木,9DayzGlitchClubTokyo,#ﾆｷﾌﾟﾚ『オオサカｯ!! -20261022-』,https://clubdrop.jp/schedule/detail/50575,アメリカ村DROP,
2026/10/22,木,新章 大阪☆春夏秋冬,#ﾆｷﾌﾟﾚ『オオサカｯ!! -20261022-』,https://clubdrop.jp/schedule/detail/50575,アメリカ村DROP,
2026/10/22,木,宇宙∞プラネクシア,#ﾆｷﾌﾟﾚ『オオサカｯ!! -20261022-』,https://clubdrop.jp/schedule/detail/50575,アメリカ村DROP,
2026/10/22,木,神薙-時うさぎ- …全14組!!,#ﾆｷﾌﾟﾚ『オオサカｯ!! -20261022-』,https://clubdrop.jp/schedule/detail/50575,アメリカ村DROP,
2026/10/23,金,鳴ル神 Guest：立花菜波,鳴ル神 恩辰たわ 生誕LIVE 『恩辰の恩返し』,https://clubdrop.jp/schedule/detail/48486,アメリカ村DROP,
2026/10/24,土,iCON!,iCON!東名阪ツアー『PROJECT iCON!ZED〜世界まるごとあいこんジャック♡〜in大阪』,https://clubdrop.jp/schedule/detail/52873,アメリカ村DROP,
2026/10/24,土,Risky Melody,New Album『THE WORLD』Release ONE-MAN LIVE in OSAKA,https://clubdrop.jp/schedule/detail/52770,アメリカ村DROP,
2026/10/25,日,魔訶不思議変革者-デスデス,「EXCITING DROP 」大阪,https://clubdrop.jp/schedule/detail/56687,アメリカ村DROP,
2026/10/25,日,AIMIA,「EXCITING DROP 」大阪,https://clubdrop.jp/schedule/detail/56687,アメリカ村DROP,
2026/10/25,日,KAMuRO,「EXCITING DROP 」大阪,https://clubdrop.jp/schedule/detail/56687,アメリカ村DROP,
2026/10/25,日,LΩPARA,「EXCITING DROP 」大阪,https://clubdrop.jp/schedule/detail/56687,アメリカ村DROP,
2026/10/25,日,colorin’c,「EXCITING DROP 」大阪,https://clubdrop.jp/schedule/detail/56687,アメリカ村DROP,
2026/10/26,月,サクヤコノハナ,『サクヤコノハナ 単独定期公演 Vol.313~チェヨン 22nd Anniverasary♡~』,https://clubdrop.jp/schedule/detail/52064,アメリカ村DROP,
2026/10/27,火,終音☆眠,狂猫祭！ 第二幕 -Halloween Party Night-,https://clubdrop.jp/schedule/detail/53832,アメリカ村DROP,
2026/10/27,火,DUALCREED,狂猫祭！ 第二幕 -Halloween Party Night-,https://clubdrop.jp/schedule/detail/53832,アメリカ村DROP,
2026/10/27,火,Magistina Saga,狂猫祭！ 第二幕 -Halloween Party Night-,https://clubdrop.jp/schedule/detail/53832,アメリカ村DROP,
2026/10/27,火,イビツ マル,狂猫祭！ 第二幕 -Halloween Party Night-,https://clubdrop.jp/schedule/detail/53832,アメリカ村DROP,
2026/10/27,火,VAR'MILION,狂猫祭！ 第二幕 -Halloween Party Night-,https://clubdrop.jp/schedule/detail/53832,アメリカ村DROP,
2026/10/28,水,LAST SCREAM DAYZ  VERRE／AILYAWP／THE MESS IN MY MIND／メモラブル／Sui,ベースオントップアメ村店19周年記念イベント 「十九祭」,https://clubdrop.jp/schedule/detail/54090,アメリカ村DROP,
2026/10/28,水,Sui   HARU／UNI,ベースオントップアメ村店19周年記念イベント 「十九祭」,https://clubdrop.jp/schedule/detail/54090,アメリカ村DROP,
2026/10/30,金,KINJI,KINJI PRESENTS 百鬼夜行 大壱夜,https://clubdrop.jp/schedule/detail/54356,アメリカ村DROP,
2026/10/30,金,SUBLIMINALS,KINJI PRESENTS 百鬼夜行 大壱夜,https://clubdrop.jp/schedule/detail/54356,アメリカ村DROP,
2026/10/30,金,Addiction end in thrive,KINJI PRESENTS 百鬼夜行 大壱夜,https://clubdrop.jp/schedule/detail/54356,アメリカ村DROP,
2026/10/30,金,Bear Knuckle,KINJI PRESENTS 百鬼夜行 大壱夜,https://clubdrop.jp/schedule/detail/54356,アメリカ村DROP,
2026/10/31,土,Lumi Prima,Lumi Prima ハロウィン単独公演 devil編,https://clubdrop.jp/schedule/detail/56310,アメリカ村DROP,
2026/10/31,土,SANUGLOW,SANUGLOW ハロウィン単独公演 devil編,https://clubdrop.jp/schedule/detail/56311,アメリカ村DROP,
2026/10/31,土,GRINOAH,GRINOAH ハロウィン単独公演 devil編,https://clubdrop.jp/schedule/detail/56312,アメリカ村DROP,
2026/10/31,土,アブソプ,アブソプ ハロウィン単独公演 devil編,https://clubdrop.jp/schedule/detail/56313,アメリカ村DROP,
2026/10/31,土,SPRISE,SPRISE ハロウィン単独公演 devil編,https://clubdrop.jp/schedule/detail/56314,アメリカ村DROP,
2026/10/31,土,and more!!,HALLOWS'EVE,https://clubdrop.jp/schedule/detail/56315,アメリカ村DROP,
2026/10/31,土,＜LIVE＞ ・ハリーとイカレた仲間達  ＜DJ＞ ・LINDA ・DJディズニーランド ・TAMU ・OROZI（#ANILAVI,アメ村 HALLOWEEN NIGHT 2026 #アメハロナイト,https://clubdrop.jp/schedule/detail/48602,アメリカ村DROP,
2026/10/31,土,トリサブ） ・爆裂(CRXSH,アメ村 HALLOWEEN NIGHT 2026 #アメハロナイト,https://clubdrop.jp/schedule/detail/48602,アメリカ村DROP,
2026/10/31,土,時の扉) ・RAM（ヲタ霊,アメ村 HALLOWEEN NIGHT 2026 #アメハロナイト,https://clubdrop.jp/schedule/detail/48602,アメリカ村DROP,
2026/10/31,土,異臭騒ぎ） ・AkkeY ・らべーな(イケナイ,アメ村 HALLOWEEN NIGHT 2026 #アメハロナイト,https://clubdrop.jp/schedule/detail/48602,アメリカ村DROP,
2026/10/31,土,YAAAAAS) ・一凛（BunGeee⭐️,アメ村 HALLOWEEN NIGHT 2026 #アメハロナイト,https://clubdrop.jp/schedule/detail/48602,アメリカ村DROP,
2026/10/31,土,ヲタ霊） ・よねしー（ひみつきち！,アメ村 HALLOWEEN NIGHT 2026 #アメハロナイト,https://clubdrop.jp/schedule/detail/48602,アメリカ村DROP,
2026/10/31,土,untitled） ・孤白（ヲタ霊,アメ村 HALLOWEEN NIGHT 2026 #アメハロナイト,https://clubdrop.jp/schedule/detail/48602,アメリカ村DROP,
2026/10/31,土,くろすおーば~） ・あまやあめ ・リュウa.k.aやんでぃ(EVILCIRCUS,アメ村 HALLOWEEN NIGHT 2026 #アメハロナイト,https://clubdrop.jp/schedule/detail/48602,アメリカ村DROP,
2026/10/31,土,漆黒の音楽会) ・もち ・ほの(さぶらぶ！,アメ村 HALLOWEEN NIGHT 2026 #アメハロナイト,https://clubdrop.jp/schedule/detail/48602,アメリカ村DROP,
2026/10/31,土,ピクパ) ・つばさ(Freja,アメ村 HALLOWEEN NIGHT 2026 #アメハロナイト,https://clubdrop.jp/schedule/detail/48602,アメリカ村DROP,
2026/10/31,土,XOXODAY) ・しろし〜（花見ンヌ,アメ村 HALLOWEEN NIGHT 2026 #アメハロナイト,https://clubdrop.jp/schedule/detail/48602,アメリカ村DROP,
2026/10/31,土,あっぷすて〜じ） ・ごみりのん ・ひちょり ・かぐらかぐら ・おもちくん   ＜VJ＞ ・Batsuichi(Bungeee☆,アメ村 HALLOWEEN NIGHT 2026 #アメハロナイト,https://clubdrop.jp/schedule/detail/48602,アメリカ村DROP,
2026/10/31,土,ラビフロ!!) ・こすもっち ・ヒロポン ・MUHHAN ・ｨﾅﾀﾞ ・しきぶ   ＜TEQUILA GIRL＞ ・Reko ・中野なのか ・ゆまち ・LUCY  ＜PHOTO＞ ・ばく ・ユキ  ＜STAFF＞ ・FJコジーナ ・たろう ・たくちん ・弥 ・Oshirin ・鳴海ルナ ・サーモン太郎  and more...,アメ村 HALLOWEEN NIGHT 2026 #アメハロナイト,https://clubdrop.jp/schedule/detail/48602,アメリカ村DROP,
2026/11/01,日,現役TheBirthdayバンド,UGLY KIDS PARTY 2026,https://clubdrop.jp/schedule/detail/49386,アメリカ村DROP,
2026/11/01,日,FLOPPY HEROES,UGLY KIDS PARTY 2026,https://clubdrop.jp/schedule/detail/49386,アメリカ村DROP,
2026/11/01,日,植西バンド,UGLY KIDS PARTY 2026,https://clubdrop.jp/schedule/detail/49386,アメリカ村DROP,
2026/11/01,日,SKYN,UGLY KIDS PARTY 2026,https://clubdrop.jp/schedule/detail/49386,アメリカ村DROP,
2026/11/01,日,PEPE,UGLY KIDS PARTY 2026,https://clubdrop.jp/schedule/detail/49386,アメリカ村DROP,
2026/11/01,日,現役羊文学バンド,UGLY KIDS PARTY 2026,https://clubdrop.jp/schedule/detail/49386,アメリカ村DROP,
2026/11/01,日,現役OB ASIAN KUNG-FU GENERATION バンド,UGLY KIDS PARTY 2026,https://clubdrop.jp/schedule/detail/49386,アメリカ村DROP,
2026/11/01,日,Wmillions,UGLY KIDS PARTY 2026,https://clubdrop.jp/schedule/detail/49386,アメリカ村DROP,
2026/11/01,日,りーちろー藤井風バンド,UGLY KIDS PARTY 2026,https://clubdrop.jp/schedule/detail/49386,アメリカ村DROP,
2026/11/03,火,KOOL,KOOL TOUR 2026,https://clubdrop.jp/schedule/detail/51938,アメリカ村DROP,
2026/11/08,日,もりひ,Journey,https://clubdrop.jp/schedule/detail/54438,アメリカ村DROP,
2026/11/09,月,IGNIS,RYOMA IKEDA presents 俺の弾いたバンド集めました-りょうまBDスペシャル-,https://clubdrop.jp/schedule/detail/55379,アメリカ村DROP,
2026/11/09,月,キミトアイトハ,RYOMA IKEDA presents 俺の弾いたバンド集めました-りょうまBDスペシャル-,https://clubdrop.jp/schedule/detail/55379,アメリカ村DROP,
2026/11/09,月,WODEN JONES,RYOMA IKEDA presents 俺の弾いたバンド集めました-りょうまBDスペシャル-,https://clubdrop.jp/schedule/detail/55379,アメリカ村DROP,
2026/11/09,月,ARoots,RYOMA IKEDA presents 俺の弾いたバンド集めました-りょうまBDスペシャル-,https://clubdrop.jp/schedule/detail/55379,アメリカ村DROP,
2026/11/09,月,アメリカ,RYOMA IKEDA presents 俺の弾いたバンド集めました-りょうまBDスペシャル-,https://clubdrop.jp/schedule/detail/55379,アメリカ村DROP,
2026/11/09,月,佐賀せりなふみかうちゃ赤帽,RYOMA IKEDA presents 俺の弾いたバンド集めました-りょうまBDスペシャル-,https://clubdrop.jp/schedule/detail/55379,アメリカ村DROP,
2026/11/09,月,やまぐちあゆみ,RYOMA IKEDA presents 俺の弾いたバンド集めました-りょうまBDスペシャル-,https://clubdrop.jp/schedule/detail/55379,アメリカ村DROP,
2026/11/10,火,クレフィー,クレフィーRoad to 1st OneMan tour  RED & ライトニングブリザードNew e.p. 「辞世」 Release Tour,https://clubdrop.jp/schedule/detail/55170,アメリカ村DROP,
2026/11/10,火,ライトニングブリザード,クレフィーRoad to 1st OneMan tour  RED & ライトニングブリザードNew e.p. 「辞世」 Release Tour,https://clubdrop.jp/schedule/detail/55170,アメリカ村DROP,
2026/11/10,火,Parallel Frank,クレフィーRoad to 1st OneMan tour  RED & ライトニングブリザードNew e.p. 「辞世」 Release Tour,https://clubdrop.jp/schedule/detail/55170,アメリカ村DROP,
2026/11/10,火,and more!!,クレフィーRoad to 1st OneMan tour  RED & ライトニングブリザードNew e.p. 「辞世」 Release Tour,https://clubdrop.jp/schedule/detail/55170,アメリカ村DROP,
2026/11/15,日,THE AGUL,THE AGUL One man Tour 2026 〜Circle of Echoes〜,https://clubdrop.jp/schedule/detail/48016,アメリカ村DROP,
2026/11/18,水,出演者募集中！,OTONOVA 2027 関西予選,https://clubdrop.jp/schedule/detail/54913,アメリカ村DROP,
2026/11/19,木,衝撃ZELOSTOIC,全国自己紹介 TOUR はじめまして、衝撃ZELOSTOICです。,https://clubdrop.jp/schedule/detail/56655,アメリカ村DROP,
2026/11/19,木,Lucky Look Core,全国自己紹介 TOUR はじめまして、衝撃ZELOSTOICです。,https://clubdrop.jp/schedule/detail/56655,アメリカ村DROP,
2026/11/19,木,MARBLENOTE,全国自己紹介 TOUR はじめまして、衝撃ZELOSTOICです。,https://clubdrop.jp/schedule/detail/56655,アメリカ村DROP,
2026/11/19,木,Pura Dell.,全国自己紹介 TOUR はじめまして、衝撃ZELOSTOICです。,https://clubdrop.jp/schedule/detail/56655,アメリカ村DROP,
2026/11/19,木,UNVEIL,全国自己紹介 TOUR はじめまして、衝撃ZELOSTOICです。,https://clubdrop.jp/schedule/detail/56655,アメリカ村DROP,
2026/11/19,木,Ura,全国自己紹介 TOUR はじめまして、衝撃ZELOSTOICです。,https://clubdrop.jp/schedule/detail/56655,アメリカ村DROP,
2026/11/20,金,IrisaVior,NaKK BIRTHDAY FEST 2026 OSAKA,https://clubdrop.jp/schedule/detail/53134,アメリカ村DROP,
2026/11/20,金,VOI SQUARE CAT,NaKK BIRTHDAY FEST 2026 OSAKA,https://clubdrop.jp/schedule/detail/53134,アメリカ村DROP,
2026/11/20,金,LUMiRiSE,NaKK BIRTHDAY FEST 2026 OSAKA,https://clubdrop.jp/schedule/detail/53134,アメリカ村DROP,
2026/11/22,日,THE冠 ※ゲストあり,THE冠「MY NAME IS HEAVY METAL〜最終章〜」,https://clubdrop.jp/schedule/detail/55612,アメリカ村DROP,
2026/11/23,月,CiON,"CiON BAND TOUR 2026 A/W ""BRASS ON""",https://clubdrop.jp/schedule/detail/54399,アメリカ村DROP,
2026/11/29,日,KAMuRO,KAMuRO 2nd ANNIVERSARY ONEMAN LIVE 「PULSE（パルス）」,https://clubdrop.jp/schedule/detail/49663,アメリカ村DROP,
2026/11/30,月,フライヤーをご覧ください。,VIVID SOUND CIRCUIT,https://clubdrop.jp/schedule/detail/55117,アメリカ村DROP,
2026/12/10,木,MAGMAZ,焔天TOUR 2026/2027,https://clubdrop.jp/schedule/detail/55968,アメリカ村DROP,
2026/12/23,水,CØCØRIZE,CØCØRIZE 東名阪 ONE MAN TOUR 『ZERO - Ø1 - WAN』,https://clubdrop.jp/schedule/detail/53120,アメリカ村DROP,
2026/12/24,木,THA BLUE HERB,THA BLUE HERB YEAR END TOUR 2026,https://clubdrop.jp/schedule/detail/44211,アメリカ村DROP,
2026/12/26,土,叶望立夏,叶望立夏主催 クリスマスライブ2026 in 大阪,https://clubdrop.jp/schedule/detail/54920,アメリカ村DROP,
2026/12/26,土,大島はるな,叶望立夏主催 クリスマスライブ2026 in 大阪,https://clubdrop.jp/schedule/detail/54920,アメリカ村DROP,
2026/12/26,土,鈴川愛依,叶望立夏主催 クリスマスライブ2026 in 大阪,https://clubdrop.jp/schedule/detail/54920,アメリカ村DROP,
2026/12/26,土,MaoMao,叶望立夏主催 クリスマスライブ2026 in 大阪,https://clubdrop.jp/schedule/detail/54920,アメリカ村DROP,
2026/12/26,土,愛未莉叶,叶望立夏主催 クリスマスライブ2026 in 大阪,https://clubdrop.jp/schedule/detail/54920,アメリカ村DROP,
2026/12/26,土,朱璃晶絵,叶望立夏主催 クリスマスライブ2026 in 大阪,https://clubdrop.jp/schedule/detail/54920,アメリカ村DROP,
2026/12/26,土,tetote,叶望立夏主催 クリスマスライブ2026 in 大阪,https://clubdrop.jp/schedule/detail/54920,アメリカ村DROP,
2026/12/26,土,神井花音,叶望立夏主催 クリスマスライブ2026 in 大阪,https://clubdrop.jp/schedule/detail/54920,アメリカ村DROP,
2026/12/26,土,有栖川雛姫,叶望立夏主催 クリスマスライブ2026 in 大阪,https://clubdrop.jp/schedule/detail/54920,アメリカ村DROP,
2026/12/30,水,妖狐繚乱,IDOL BAND RIOT― BURNING SAD MAN PR,https://clubdrop.jp/schedule/detail/53685,アメリカ村DROP,
2026/12/30,水,ネテルダイヤ,IDOL BAND RIOT― BURNING SAD MAN PR,https://clubdrop.jp/schedule/detail/53685,アメリカ村DROP,
2026/12/30,水,マイフェアガ→ル,IDOL BAND RIOT― BURNING SAD MAN PR,https://clubdrop.jp/schedule/detail/53685,アメリカ村DROP,
2026/12/30,水,あま神まりあ,IDOL BAND RIOT― BURNING SAD MAN PR,https://clubdrop.jp/schedule/detail/53685,アメリカ村DROP,
2026/12/30,水,Requiem HARU.,Requiem HARU. 1st LIVE Black Requiem ― 狂乱、解禁。― BURNING SAD MAN    PR,https://clubdrop.jp/schedule/detail/56344,アメリカ村DROP,
2026/12/30,水,Buzzer01&.,Requiem HARU. 1st LIVE Black Requiem ― 狂乱、解禁。― BURNING SAD MAN    PR,https://clubdrop.jp/schedule/detail/56344,アメリカ村DROP,
2026/12/30,水,新章 大阪☆春夏秋冬,Requiem HARU. 1st LIVE Black Requiem ― 狂乱、解禁。― BURNING SAD MAN    PR,https://clubdrop.jp/schedule/detail/56344,アメリカ村DROP,
2026/12/30,水,ディノゾール,Requiem HARU. 1st LIVE Black Requiem ― 狂乱、解禁。― BURNING SAD MAN    PR,https://clubdrop.jp/schedule/detail/56344,アメリカ村DROP,
2027/01/10,日,カイジューバイミー,カイジューバイミー全国ツアー2026-2027 『紅き星屑ども』〜転がる夜には福きたる〜,https://clubdrop.jp/schedule/detail/55008,アメリカ村DROP,
2026/10/01,木,ParaMilia,「10月はじめSHOW!!」,https://osaka-varon.jp/schedule/detail/56482,VARON,
2026/10/01,木,Chance Movement,「10月はじめSHOW!!」,https://osaka-varon.jp/schedule/detail/56482,VARON,
2026/10/01,木,にゃんらぶ♡,「10月はじめSHOW!!」,https://osaka-varon.jp/schedule/detail/56482,VARON,
2026/10/01,木,Nody,「10月はじめSHOW!!」,https://osaka-varon.jp/schedule/detail/56482,VARON,
2026/10/02,金,SiNT,DUMBSTRUCK  vol.42 Ryuku & SiNT Birthday Party,https://osaka-varon.jp/schedule/detail/52595,VARON,
2026/10/02,金,HANT PLACE,DUMBSTRUCK  vol.42 Ryuku & SiNT Birthday Party,https://osaka-varon.jp/schedule/detail/52595,VARON,
2026/10/02,金,Smash up,DUMBSTRUCK  vol.42 Ryuku & SiNT Birthday Party,https://osaka-varon.jp/schedule/detail/52595,VARON,
2026/10/02,金,Reign Starving the Orca,DUMBSTRUCK  vol.42 Ryuku & SiNT Birthday Party,https://osaka-varon.jp/schedule/detail/52595,VARON,
2026/10/02,金,DREAMIN ALONE,DUMBSTRUCK  vol.42 Ryuku & SiNT Birthday Party,https://osaka-varon.jp/schedule/detail/52595,VARON,
2026/10/02,金,MØZU,DUMBSTRUCK  vol.42 Ryuku & SiNT Birthday Party,https://osaka-varon.jp/schedule/detail/52595,VARON,
2026/10/02,金,ASTROCITY,DUMBSTRUCK  vol.42 Ryuku & SiNT Birthday Party,https://osaka-varon.jp/schedule/detail/52595,VARON,
2026/10/02,金,Addiction end in thrive,DUMBSTRUCK  vol.42 Ryuku & SiNT Birthday Party,https://osaka-varon.jp/schedule/detail/52595,VARON,
2026/10/03,土,LuvHz,心斎橋アイドル化計画。,https://osaka-varon.jp/schedule/detail/55257,VARON,
2026/10/03,土,LINK START,心斎橋アイドル化計画。,https://osaka-varon.jp/schedule/detail/55257,VARON,
2026/10/03,土,ParaMilia,心斎橋アイドル化計画。,https://osaka-varon.jp/schedule/detail/55257,VARON,
2026/10/03,土,SUGAR SPARK,心斎橋アイドル化計画。,https://osaka-varon.jp/schedule/detail/55257,VARON,
2026/10/03,土,alpha⁂Lux,心斎橋アイドル化計画。,https://osaka-varon.jp/schedule/detail/55257,VARON,
2026/10/03,土,TILT,TILT vs. SEX MACHINEGUNS -大阪編-,https://osaka-varon.jp/schedule/detail/48377,VARON,
2026/10/03,土,SEX MACHINEGUNS,TILT vs. SEX MACHINEGUNS -大阪編-,https://osaka-varon.jp/schedule/detail/48377,VARON,
2026/10/04,日,buGG,「buGG大阪単独ライブ」,https://osaka-varon.jp/schedule/detail/48563,VARON,
2026/10/05,月,Bloomoon,SHINSAIBASHI VARON pre. Bloomoon 1st album release & 3rd ANNIVERSARY TOUR「MOON PHASE」,https://osaka-varon.jp/schedule/detail/52979,VARON,
2026/10/05,月,VEŁŁY,SHINSAIBASHI VARON pre. Bloomoon 1st album release & 3rd ANNIVERSARY TOUR「MOON PHASE」,https://osaka-varon.jp/schedule/detail/52979,VARON,
2026/10/05,月,"PuraDell,",SHINSAIBASHI VARON pre. Bloomoon 1st album release & 3rd ANNIVERSARY TOUR「MOON PHASE」,https://osaka-varon.jp/schedule/detail/52979,VARON,
2026/10/05,月,Parallel Frank,SHINSAIBASHI VARON pre. Bloomoon 1st album release & 3rd ANNIVERSARY TOUR「MOON PHASE」,https://osaka-varon.jp/schedule/detail/52979,VARON,
2026/10/05,月,Disconnect Cendrillon,SHINSAIBASHI VARON pre. Bloomoon 1st album release & 3rd ANNIVERSARY TOUR「MOON PHASE」,https://osaka-varon.jp/schedule/detail/52979,VARON,
2026/10/06,火,sync sens,恐走- VOL.18 凪那生誕,https://osaka-varon.jp/schedule/detail/52599,VARON,
2026/10/06,火,ディノゾール,恐走- VOL.18 凪那生誕,https://osaka-varon.jp/schedule/detail/52599,VARON,
2026/10/06,火,ちくわ,恐走- VOL.18 凪那生誕,https://osaka-varon.jp/schedule/detail/52599,VARON,
2026/10/06,火,空良,恐走- VOL.18 凪那生誕,https://osaka-varon.jp/schedule/detail/52599,VARON,
2026/10/06,火,LyricalPopParadox,恐走- VOL.18 凪那生誕,https://osaka-varon.jp/schedule/detail/52599,VARON,
2026/10/06,火,AIMIA,恐走- VOL.18 凪那生誕,https://osaka-varon.jp/schedule/detail/52599,VARON,
2026/10/06,火,下谷あゆ,恐走- VOL.18 凪那生誕,https://osaka-varon.jp/schedule/detail/52599,VARON,
2026/10/07,水,En,En×DUMBSTRUCK Super Power!!!,https://osaka-varon.jp/schedule/detail/52596,VARON,
2026/10/07,水,All I Clacks,En×DUMBSTRUCK Super Power!!!,https://osaka-varon.jp/schedule/detail/52596,VARON,
2026/10/07,水,yummy'g,En×DUMBSTRUCK Super Power!!!,https://osaka-varon.jp/schedule/detail/52596,VARON,
2026/10/07,水,ichiru,En×DUMBSTRUCK Super Power!!!,https://osaka-varon.jp/schedule/detail/52596,VARON,
2026/10/07,水,Rizz,En×DUMBSTRUCK Super Power!!!,https://osaka-varon.jp/schedule/detail/52596,VARON,
2026/10/08,木,AIMIA,"""FERMATA""",https://osaka-varon.jp/schedule/detail/53356,VARON,
2026/10/08,木,ENVY PARANOID,"""FERMATA""",https://osaka-varon.jp/schedule/detail/53356,VARON,
2026/10/08,木,OROCHI,"""FERMATA""",https://osaka-varon.jp/schedule/detail/53356,VARON,
2026/10/08,木,KAMuRO,"""FERMATA""",https://osaka-varon.jp/schedule/detail/53356,VARON,
2026/10/08,木,狂鳴-ｷｮｳﾒｲ-,"""FERMATA""",https://osaka-varon.jp/schedule/detail/53356,VARON,
2026/10/08,木,CYCLONISTA,"""FERMATA""",https://osaka-varon.jp/schedule/detail/53356,VARON,
2026/10/08,木,白黒アリス,"""FERMATA""",https://osaka-varon.jp/schedule/detail/53356,VARON,
2026/10/08,木,PLYDE,"""FERMATA""",https://osaka-varon.jp/schedule/detail/53356,VARON,
2026/10/08,木,LyricalPopParadox,"""FERMATA""",https://osaka-varon.jp/schedule/detail/53356,VARON,
2026/10/08,木,LØISLOID,"""FERMATA""",https://osaka-varon.jp/schedule/detail/53356,VARON,
2026/10/09,金,アクアリウム。,Halloween LIVE アクアラビット。,https://osaka-varon.jp/schedule/detail/49563,VARON,
2026/10/09,金,めろでぃらびっと,Halloween LIVE アクアラビット。,https://osaka-varon.jp/schedule/detail/49563,VARON,
2026/10/10,土,詳細欄をご確認下さい,Maxell presents FM802 MINAMI WHEEL 2026,https://osaka-varon.jp/schedule/detail/45885,VARON,
2026/10/11,日,詳細欄をご確認下さい,Maxell presents FM802 MINAMI WHEEL 2026,https://osaka-varon.jp/schedule/detail/45886,VARON,
2026/10/11,日,OneOnceOver,Day Dreamer -MINAMI WHEEL EDDITION-,https://osaka-varon.jp/schedule/detail/53864,VARON,
2026/10/11,日,Stardust Alone,Day Dreamer -MINAMI WHEEL EDDITION-,https://osaka-varon.jp/schedule/detail/53864,VARON,
2026/10/12,月,詳細欄をご確認下さい,Maxell presents FM802 MINAMI WHEEL 2026,https://osaka-varon.jp/schedule/detail/45887,VARON,
2026/10/13,火,Addiction end in thrive,DUMBSTRUCK vol.43 -MINAMI WHEEL EDDITION-,https://osaka-varon.jp/schedule/detail/53796,VARON,
2026/10/13,火,Reign Starving the Orca,DUMBSTRUCK vol.43 -MINAMI WHEEL EDDITION-,https://osaka-varon.jp/schedule/detail/53796,VARON,
2026/10/13,火,羅刹,DUMBSTRUCK vol.43 -MINAMI WHEEL EDDITION-,https://osaka-varon.jp/schedule/detail/53796,VARON,
2026/10/13,火,Skade,DUMBSTRUCK vol.43 -MINAMI WHEEL EDDITION-,https://osaka-varon.jp/schedule/detail/53796,VARON,
2026/10/13,火,Cats Rule The World,DUMBSTRUCK vol.43 -MINAMI WHEEL EDDITION-,https://osaka-varon.jp/schedule/detail/53796,VARON,
2026/10/14,水,てんぽぷりも,『てんぽぷりも♪紅羽レイ&夢乃麻友香　生誕祭』,https://osaka-varon.jp/schedule/detail/49197,VARON,
2026/10/14,水,COzMICぱれーど,『てんぽぷりも♪紅羽レイ&夢乃麻友香　生誕祭』,https://osaka-varon.jp/schedule/detail/49197,VARON,
2026/10/14,水,Fortunes,『てんぽぷりも♪紅羽レイ&夢乃麻友香　生誕祭』,https://osaka-varon.jp/schedule/detail/49197,VARON,
2026/10/14,水,わんみゅーず！,『てんぽぷりも♪紅羽レイ&夢乃麻友香　生誕祭』,https://osaka-varon.jp/schedule/detail/49197,VARON,
2026/10/14,水,ミケネコガールズ,『てんぽぷりも♪紅羽レイ&夢乃麻友香　生誕祭』,https://osaka-varon.jp/schedule/detail/49197,VARON,
2026/10/14,水,ふぁんたす！,『てんぽぷりも♪紅羽レイ&夢乃麻友香　生誕祭』,https://osaka-varon.jp/schedule/detail/49197,VARON,
2026/10/14,水,MellBell,『てんぽぷりも♪紅羽レイ&夢乃麻友香　生誕祭』,https://osaka-varon.jp/schedule/detail/49197,VARON,
2026/10/16,金,Launcher No.8,Launcher No.8 Fumiya&みそらpre FAVORITE NZA,https://osaka-varon.jp/schedule/detail/52817,VARON,
2026/10/16,金,UNMASK aLIVE,Launcher No.8 Fumiya&みそらpre FAVORITE NZA,https://osaka-varon.jp/schedule/detail/52817,VARON,
2026/10/16,金,InFix,Launcher No.8 Fumiya&みそらpre FAVORITE NZA,https://osaka-varon.jp/schedule/detail/52817,VARON,
2026/10/16,金,The Dahlia,Launcher No.8 Fumiya&みそらpre FAVORITE NZA,https://osaka-varon.jp/schedule/detail/52817,VARON,
2026/10/16,金,N.F.L,Launcher No.8 Fumiya&みそらpre FAVORITE NZA,https://osaka-varon.jp/schedule/detail/52817,VARON,
2026/10/16,金,THE MAYTH,Launcher No.8 Fumiya&みそらpre FAVORITE NZA,https://osaka-varon.jp/schedule/detail/52817,VARON,
2026/10/18,日,EpiMo,「秋の昼！眼福耳福歌謡祭！  ～愛のままにわがままに♥キラキラ！Ring！Ring！Ring！～」,https://osaka-varon.jp/schedule/detail/52046,VARON,
2026/10/18,日,B-Squad,「秋の昼！眼福耳福歌謡祭！  ～愛のままにわがままに♥キラキラ！Ring！Ring！Ring！～」,https://osaka-varon.jp/schedule/detail/52046,VARON,
2026/10/18,日,わんだー九,「秋の昼！眼福耳福歌謡祭！  ～愛のままにわがままに♥キラキラ！Ring！Ring！Ring！～」,https://osaka-varon.jp/schedule/detail/52046,VARON,
2026/10/18,日,ゼロキョリハーツ,ゼロキョリハーツ空町柚希生誕祭2026 そらまちハーツクリニック,https://osaka-varon.jp/schedule/detail/47063,VARON,
2026/10/19,月,Squall Line,『雨宿りFes！』,https://osaka-varon.jp/schedule/detail/54486,VARON,
2026/10/19,月,ネテルダイヤ,『雨宿りFes！』,https://osaka-varon.jp/schedule/detail/54486,VARON,
2026/10/19,月,プラチナリボン,『雨宿りFes！』,https://osaka-varon.jp/schedule/detail/54486,VARON,
2026/10/19,月,にゃんらゔ♡,『雨宿りFes！』,https://osaka-varon.jp/schedule/detail/54486,VARON,
2026/10/19,月,ゼロキョリハーツ,『雨宿りFes！』,https://osaka-varon.jp/schedule/detail/54486,VARON,
2026/10/19,月,matatabi,『雨宿りFes！』,https://osaka-varon.jp/schedule/detail/54486,VARON,
2026/10/19,月,妖狐繚乱,『雨宿りFes！』,https://osaka-varon.jp/schedule/detail/54486,VARON,
2026/10/19,月,LINK START,『雨宿りFes！』,https://osaka-varon.jp/schedule/detail/54486,VARON,
2026/10/19,月,ミケネコガールズ,『雨宿りFes！』,https://osaka-varon.jp/schedule/detail/54486,VARON,
2026/10/20,火,ディノゾール,Synchro Sensation Vol.22,https://osaka-varon.jp/schedule/detail/52600,VARON,
2026/10/20,火,sync-sens,Synchro Sensation Vol.22,https://osaka-varon.jp/schedule/detail/52600,VARON,
2026/10/20,火,ちくわ,Synchro Sensation Vol.22,https://osaka-varon.jp/schedule/detail/52600,VARON,
2026/10/20,火,LuvHz,Synchro Sensation Vol.22,https://osaka-varon.jp/schedule/detail/52600,VARON,
2026/10/20,火,わんだふる×ぱにっく,Synchro Sensation Vol.22,https://osaka-varon.jp/schedule/detail/52600,VARON,
2026/10/20,火,SOCIAL×MATCH,Synchro Sensation Vol.22,https://osaka-varon.jp/schedule/detail/52600,VARON,
2026/10/20,火,妖狐繚乱,Synchro Sensation Vol.22,https://osaka-varon.jp/schedule/detail/52600,VARON,
2026/10/20,火,RIZZ,Synchro Sensation Vol.22,https://osaka-varon.jp/schedule/detail/52600,VARON,
2026/10/20,火,i Moon,Synchro Sensation Vol.22,https://osaka-varon.jp/schedule/detail/52600,VARON,
2026/10/20,火,KAMuRO,Synchro Sensation Vol.22,https://osaka-varon.jp/schedule/detail/52600,VARON,
2026/10/20,火,LyricalPopParadox,Synchro Sensation Vol.22,https://osaka-varon.jp/schedule/detail/52600,VARON,
2026/10/20,火,CØCØRIZE,Synchro Sensation Vol.22,https://osaka-varon.jp/schedule/detail/52600,VARON,
2026/10/24,土,SPRISE,笠宮えいる生誕祭 -対バン編-,https://osaka-varon.jp/schedule/detail/48564,VARON,
2026/10/24,土,アブソプ,笠宮えいる生誕祭 -対バン編-,https://osaka-varon.jp/schedule/detail/48564,VARON,
2026/10/24,土,GRINOAH,笠宮えいる生誕祭 -対バン編-,https://osaka-varon.jp/schedule/detail/48564,VARON,
2026/10/24,土,DIAVEL,笠宮えいる生誕祭 -対バン編-,https://osaka-varon.jp/schedule/detail/48564,VARON,
2026/10/24,土,MIRA DOLL,笠宮えいる生誕祭 -対バン編-,https://osaka-varon.jp/schedule/detail/48564,VARON,
2026/10/27,火,ちくわ,｢CHIKUWA Birthday LIVE！｣,https://osaka-varon.jp/schedule/detail/52601,VARON,
2026/10/27,火,そら,｢CHIKUWA Birthday LIVE！｣,https://osaka-varon.jp/schedule/detail/52601,VARON,
2026/10/27,火,ディノゾール,｢CHIKUWA Birthday LIVE！｣,https://osaka-varon.jp/schedule/detail/52601,VARON,
2026/10/27,火,sync-sens,｢CHIKUWA Birthday LIVE！｣,https://osaka-varon.jp/schedule/detail/52601,VARON,
2026/10/27,火,メロブリンク,｢CHIKUWA Birthday LIVE！｣,https://osaka-varon.jp/schedule/detail/52601,VARON,
2026/10/27,火,SOCIAL×MATCH,｢CHIKUWA Birthday LIVE！｣,https://osaka-varon.jp/schedule/detail/52601,VARON,
2026/10/28,水,望まひろ,まだ来ない朝 vol.5,https://osaka-varon.jp/schedule/detail/54424,VARON,
2026/10/28,水,感情線は時をこえて,まだ来ない朝 vol.5,https://osaka-varon.jp/schedule/detail/54424,VARON,
2026/10/28,水,POLARiS,まだ来ない朝 vol.5,https://osaka-varon.jp/schedule/detail/54424,VARON,
2026/10/28,水,cleomery,まだ来ない朝 vol.5,https://osaka-varon.jp/schedule/detail/54424,VARON,
2026/10/29,木,LΩPARA,"""HOWLING FOR NOTHING""",https://osaka-varon.jp/schedule/detail/53357,VARON,
2026/10/29,木,LØISLOID,"""HOWLING FOR NOTHING""",https://osaka-varon.jp/schedule/detail/53357,VARON,
2026/10/29,木,CRYZ,"""HOWLING FOR NOTHING""",https://osaka-varon.jp/schedule/detail/53357,VARON,
2026/10/29,木,I.VILL,"""HOWLING FOR NOTHING""",https://osaka-varon.jp/schedule/detail/53357,VARON,
2026/10/29,木,LyricalPopParadox,"""HOWLING FOR NOTHING""",https://osaka-varon.jp/schedule/detail/53357,VARON,
2026/10/29,木,アブソプ,"""HOWLING FOR NOTHING""",https://osaka-varon.jp/schedule/detail/53357,VARON,
2026/10/29,木,ディノゾール,"""HOWLING FOR NOTHING""",https://osaka-varon.jp/schedule/detail/53357,VARON,
2026/10/29,木,ネテルダイヤ,"""HOWLING FOR NOTHING""",https://osaka-varon.jp/schedule/detail/53357,VARON,
2026/10/29,木,妖狐繚乱,"""HOWLING FOR NOTHING""",https://osaka-varon.jp/schedule/detail/53357,VARON,
2026/10/30,金,VOLT,VOLT×DUMBSTRUCK NEVERLAND,https://osaka-varon.jp/schedule/detail/52901,VARON,
2026/10/30,金,En,VOLT×DUMBSTRUCK NEVERLAND,https://osaka-varon.jp/schedule/detail/52901,VARON,
2026/10/30,金,Knup 9th,VOLT×DUMBSTRUCK NEVERLAND,https://osaka-varon.jp/schedule/detail/52901,VARON,
2026/10/30,金,LΩPARA,VOLT×DUMBSTRUCK NEVERLAND,https://osaka-varon.jp/schedule/detail/52901,VARON,
2026/10/30,金,SiNT,VOLT×DUMBSTRUCK NEVERLAND,https://osaka-varon.jp/schedule/detail/52901,VARON,
2026/10/30,金,Raio,VOLT×DUMBSTRUCK NEVERLAND,https://osaka-varon.jp/schedule/detail/52901,VARON,
2026/10/30,金,Taisei,VOLT×DUMBSTRUCK NEVERLAND,https://osaka-varon.jp/schedule/detail/52901,VARON,
2026/11/02,月,The Dust’n’Bonez,The Dust’n’Bonez 「22nd Anniversary」,https://osaka-varon.jp/schedule/detail/51110,VARON,
2026/11/05,木,ディノゾール,ディノゾール 1周年ワンマン『cannibalism banquet』,https://osaka-varon.jp/schedule/detail/52602,VARON,
2026/11/06,金,inari,CROSS LINKING vol.8,https://osaka-varon.jp/schedule/detail/48539,VARON,
2026/11/06,金,Tsukisamu Mutton Network,CROSS LINKING vol.8,https://osaka-varon.jp/schedule/detail/48539,VARON,
2026/11/06,金,トラケミスト,CROSS LINKING vol.8,https://osaka-varon.jp/schedule/detail/48539,VARON,
2026/11/06,金,ハダカエフダ and more...,CROSS LINKING vol.8,https://osaka-varon.jp/schedule/detail/48539,VARON,
2026/11/07,土,alma,夜想華宴,https://osaka-varon.jp/schedule/detail/49203,VARON,
2026/11/07,土,AIMIA,夜想華宴,https://osaka-varon.jp/schedule/detail/49203,VARON,
2026/11/07,土,KAMuRO,夜想華宴,https://osaka-varon.jp/schedule/detail/49203,VARON,
2026/11/07,土,GΛLNØA,夜想華宴,https://osaka-varon.jp/schedule/detail/49203,VARON,
2026/11/07,土,神薙-時うさぎ-,夜想華宴,https://osaka-varon.jp/schedule/detail/49203,VARON,
2026/11/07,土,キグルミ,夜想華宴,https://osaka-varon.jp/schedule/detail/49203,VARON,
2026/11/07,土,Charlotte,夜想華宴,https://osaka-varon.jp/schedule/detail/49203,VARON,
2026/11/07,土,新章 大阪☆春夏秋冬,夜想華宴,https://osaka-varon.jp/schedule/detail/49203,VARON,
2026/11/07,土,SOCIAL×MATCH,夜想華宴,https://osaka-varon.jp/schedule/detail/49203,VARON,
2026/11/07,土,ディノゾール,夜想華宴,https://osaka-varon.jp/schedule/detail/49203,VARON,
2026/11/07,土,NEOTOKYO-TRIBE,夜想華宴,https://osaka-varon.jp/schedule/detail/49203,VARON,
2026/11/07,土,ネテルダイヤ,夜想華宴,https://osaka-varon.jp/schedule/detail/49203,VARON,
2026/11/07,土,Nody,夜想華宴,https://osaka-varon.jp/schedule/detail/49203,VARON,
2026/11/07,土,matatabi,夜想華宴,https://osaka-varon.jp/schedule/detail/49203,VARON,
2026/11/07,土,LuvHz,夜想華宴,https://osaka-varon.jp/schedule/detail/49203,VARON,
2026/11/07,土,純粋カフェラッテ,夜想華宴,https://osaka-varon.jp/schedule/detail/56735,VARON,
2026/11/07,土,POLARiS,夜想華宴,https://osaka-varon.jp/schedule/detail/56735,VARON,
2026/11/07,土,meluQ,夜想華宴,https://osaka-varon.jp/schedule/detail/56735,VARON,
2026/12/18,金,メロブリンク,メロブリンク 1st.ANNIVERSARY ONE MAN LIVE 「BLINK!BLINK!BLINK!」,https://osaka-varon.jp/schedule/detail/50669,VARON,
2027/01/15,金,OneOnceOver,OneOnceOver presents『Magic Glow Live Tour 2026』－Tour Final－,https://osaka-varon.jp/schedule/detail/51962,VARON,
2027/01/15,金,JunkUnit,OneOnceOver presents『Magic Glow Live Tour 2026』－Tour Final－,https://osaka-varon.jp/schedule/detail/51962,VARON,
2027/01/15,金,QLIP,OneOnceOver presents『Magic Glow Live Tour 2026』－Tour Final－,https://osaka-varon.jp/schedule/detail/51962,VARON,
2026/10/01,木,あやねぇ,Zeela presents. YAMINABE DEATH MATCH!! -Zeela 13周年目前!!感謝の2days-,https://osaka-zeela.jp/schedule/detail/53610,Zeela,
2026/10/01,木,あわこ,Zeela presents. YAMINABE DEATH MATCH!! -Zeela 13周年目前!!感謝の2days-,https://osaka-zeela.jp/schedule/detail/53610,Zeela,
2026/10/01,木,サモエドブリーダー犬飼ひろし,Zeela presents. YAMINABE DEATH MATCH!! -Zeela 13周年目前!!感謝の2days-,https://osaka-zeela.jp/schedule/detail/53610,Zeela,
2026/10/01,木,しほの,Zeela presents. YAMINABE DEATH MATCH!! -Zeela 13周年目前!!感謝の2days-,https://osaka-zeela.jp/schedule/detail/53610,Zeela,
2026/10/01,木,ジャガー西宮,Zeela presents. YAMINABE DEATH MATCH!! -Zeela 13周年目前!!感謝の2days-,https://osaka-zeela.jp/schedule/detail/53610,Zeela,
2026/10/01,木,仲野細賀,Zeela presents. YAMINABE DEATH MATCH!! -Zeela 13周年目前!!感謝の2days-,https://osaka-zeela.jp/schedule/detail/53610,Zeela,
2026/10/01,木,夏月,Zeela presents. YAMINABE DEATH MATCH!! -Zeela 13周年目前!!感謝の2days-,https://osaka-zeela.jp/schedule/detail/53610,Zeela,
2026/10/01,木,八兵衛,Zeela presents. YAMINABE DEATH MATCH!! -Zeela 13周年目前!!感謝の2days-,https://osaka-zeela.jp/schedule/detail/53610,Zeela,
2026/10/01,木,Mu THE MOON,Zeela presents. YAMINABE DEATH MATCH!! -Zeela 13周年目前!!感謝の2days-,https://osaka-zeela.jp/schedule/detail/53610,Zeela,
2026/10/01,木,山本昂斗,Zeela presents. YAMINABE DEATH MATCH!! -Zeela 13周年目前!!感謝の2days-,https://osaka-zeela.jp/schedule/detail/53610,Zeela,
2026/10/01,木,ukpon,Zeela presents. YAMINABE DEATH MATCH!! -Zeela 13周年目前!!感謝の2days-,https://osaka-zeela.jp/schedule/detail/53610,Zeela,
2026/10/01,木,アーサー,Zeela presents. YAMINABE DEATH MATCH!! -Zeela 13周年目前!!感謝の2days-,https://osaka-zeela.jp/schedule/detail/53610,Zeela,
2026/10/01,木,いつき,Zeela presents. YAMINABE DEATH MATCH!! -Zeela 13周年目前!!感謝の2days-,https://osaka-zeela.jp/schedule/detail/53610,Zeela,
2026/10/01,木,一色隼,Zeela presents. YAMINABE DEATH MATCH!! -Zeela 13周年目前!!感謝の2days-,https://osaka-zeela.jp/schedule/detail/53610,Zeela,
2026/10/01,木,影山しずか,Zeela presents. YAMINABE DEATH MATCH!! -Zeela 13周年目前!!感謝の2days-,https://osaka-zeela.jp/schedule/detail/53610,Zeela,
2026/10/01,木,Shiun,Zeela presents. YAMINABE DEATH MATCH!! -Zeela 13周年目前!!感謝の2days-,https://osaka-zeela.jp/schedule/detail/53610,Zeela,
2026/10/01,木,じゅん,Zeela presents. YAMINABE DEATH MATCH!! -Zeela 13周年目前!!感謝の2days-,https://osaka-zeela.jp/schedule/detail/53610,Zeela,
2026/10/01,木,田中勇二郎,Zeela presents. YAMINABE DEATH MATCH!! -Zeela 13周年目前!!感謝の2days-,https://osaka-zeela.jp/schedule/detail/53610,Zeela,
2026/10/01,木,ダブルボギー上田,Zeela presents. YAMINABE DEATH MATCH!! -Zeela 13周年目前!!感謝の2days-,https://osaka-zeela.jp/schedule/detail/53610,Zeela,
2026/10/01,木,マエダヒロユキ,Zeela presents. YAMINABE DEATH MATCH!! -Zeela 13周年目前!!感謝の2days-,https://osaka-zeela.jp/schedule/detail/53610,Zeela,
2026/10/01,木,msk,Zeela presents. YAMINABE DEATH MATCH!! -Zeela 13周年目前!!感謝の2days-,https://osaka-zeela.jp/schedule/detail/53610,Zeela,
2026/10/01,木,磨見隆磨(チセツナガラ,Zeela presents. YAMINABE DEATH MATCH!! -Zeela 13周年目前!!感謝の2days-,https://osaka-zeela.jp/schedule/detail/53610,Zeela,
2026/10/01,木,THE LUM,Zeela presents. YAMINABE DEATH MATCH!! -Zeela 13周年目前!!感謝の2days-,https://osaka-zeela.jp/schedule/detail/53610,Zeela,
2026/10/01,木,Delirious Dragon of the Dregs),Zeela presents. YAMINABE DEATH MATCH!! -Zeela 13周年目前!!感謝の2days-,https://osaka-zeela.jp/schedule/detail/53610,Zeela,
2026/10/01,木,俺の見たい人,Zeela presents. YAMINABE DEATH MATCH!! -Zeela 13周年目前!!感謝の2days-,https://osaka-zeela.jp/schedule/detail/53610,Zeela,
2026/10/01,木,かっさん,Zeela presents. YAMINABE DEATH MATCH!! -Zeela 13周年目前!!感謝の2days-,https://osaka-zeela.jp/schedule/detail/53610,Zeela,
2026/10/01,木,キショウ,Zeela presents. YAMINABE DEATH MATCH!! -Zeela 13周年目前!!感謝の2days-,https://osaka-zeela.jp/schedule/detail/53610,Zeela,
2026/10/01,木,白石,Zeela presents. YAMINABE DEATH MATCH!! -Zeela 13周年目前!!感謝の2days-,https://osaka-zeela.jp/schedule/detail/53610,Zeela,
2026/10/01,木,たか,Zeela presents. YAMINABE DEATH MATCH!! -Zeela 13周年目前!!感謝の2days-,https://osaka-zeela.jp/schedule/detail/53610,Zeela,
2026/10/01,木,ななほ,Zeela presents. YAMINABE DEATH MATCH!! -Zeela 13周年目前!!感謝の2days-,https://osaka-zeela.jp/schedule/detail/53610,Zeela,
2026/10/01,木,你好シュウマイちゃん,Zeela presents. YAMINABE DEATH MATCH!! -Zeela 13周年目前!!感謝の2days-,https://osaka-zeela.jp/schedule/detail/53610,Zeela,
2026/10/01,木,藤岡慶行,Zeela presents. YAMINABE DEATH MATCH!! -Zeela 13周年目前!!感謝の2days-,https://osaka-zeela.jp/schedule/detail/53610,Zeela,
2026/10/01,木,MOTTY,Zeela presents. YAMINABE DEATH MATCH!! -Zeela 13周年目前!!感謝の2days-,https://osaka-zeela.jp/schedule/detail/53610,Zeela,
2026/10/01,木,もも,Zeela presents. YAMINABE DEATH MATCH!! -Zeela 13周年目前!!感謝の2days-,https://osaka-zeela.jp/schedule/detail/53610,Zeela,
2026/10/01,木,チャンナツ,Zeela presents. YAMINABE DEATH MATCH!! -Zeela 13周年目前!!感謝の2days-,https://osaka-zeela.jp/schedule/detail/53610,Zeela,
2026/10/01,木,松浦弘典,Zeela presents. YAMINABE DEATH MATCH!! -Zeela 13周年目前!!感謝の2days-,https://osaka-zeela.jp/schedule/detail/53610,Zeela,
2026/10/01,木,赤髭,Zeela presents. YAMINABE DEATH MATCH!! -Zeela 13周年目前!!感謝の2days-,https://osaka-zeela.jp/schedule/detail/53610,Zeela,
2026/10/01,木,神戸悠樹,Zeela presents. YAMINABE DEATH MATCH!! -Zeela 13周年目前!!感謝の2days-,https://osaka-zeela.jp/schedule/detail/53610,Zeela,
2026/10/01,木,ケイゴ,Zeela presents. YAMINABE DEATH MATCH!! -Zeela 13周年目前!!感謝の2days-,https://osaka-zeela.jp/schedule/detail/53610,Zeela,
2026/10/01,木,コウ,Zeela presents. YAMINABE DEATH MATCH!! -Zeela 13周年目前!!感謝の2days-,https://osaka-zeela.jp/schedule/detail/53610,Zeela,
2026/10/01,木,セパ・タクロー,Zeela presents. YAMINABE DEATH MATCH!! -Zeela 13周年目前!!感謝の2days-,https://osaka-zeela.jp/schedule/detail/53610,Zeela,
2026/10/01,木,田中,Zeela presents. YAMINABE DEATH MATCH!! -Zeela 13周年目前!!感謝の2days-,https://osaka-zeela.jp/schedule/detail/53610,Zeela,
2026/10/01,木,豊中LIPセカンドゴロ,Zeela presents. YAMINABE DEATH MATCH!! -Zeela 13周年目前!!感謝の2days-,https://osaka-zeela.jp/schedule/detail/53610,Zeela,
2026/10/01,木,爆イチモツ森,Zeela presents. YAMINABE DEATH MATCH!! -Zeela 13周年目前!!感謝の2days-,https://osaka-zeela.jp/schedule/detail/53610,Zeela,
2026/10/01,木,巫女サクラムス,Zeela presents. YAMINABE DEATH MATCH!! -Zeela 13周年目前!!感謝の2days-,https://osaka-zeela.jp/schedule/detail/53610,Zeela,
2026/10/02,金,佐々木望,朗読劇『ディオゲネスクラブ』大阪公演,https://osaka-zeela.jp/schedule/detail/54103,Zeela,
2026/10/02,金,大橋隆昌,朗読劇『ディオゲネスクラブ』大阪公演,https://osaka-zeela.jp/schedule/detail/54103,Zeela,
2026/10/02,金,梅本奈己峰,朗読劇『ディオゲネスクラブ』大阪公演,https://osaka-zeela.jp/schedule/detail/54103,Zeela,
2026/10/02,金,夏樹リオ,朗読劇『ディオゲネスクラブ』大阪公演,https://osaka-zeela.jp/schedule/detail/54103,Zeela,
2026/10/02,金,東康隆,朗読劇『ディオゲネスクラブ』大阪公演,https://osaka-zeela.jp/schedule/detail/54103,Zeela,
2026/10/02,金,井上裕基,朗読劇『ディオゲネスクラブ』大阪公演,https://osaka-zeela.jp/schedule/detail/54103,Zeela,
2026/10/02,金,森本勝海,朗読劇『ディオゲネスクラブ』大阪公演,https://osaka-zeela.jp/schedule/detail/54103,Zeela,
2026/10/02,金,泰勇気,朗読劇『ディオゲネスクラブ』大阪公演,https://osaka-zeela.jp/schedule/detail/54103,Zeela,
2026/10/02,金,中川亜紀子,朗読劇『ディオゲネスクラブ』大阪公演,https://osaka-zeela.jp/schedule/detail/54103,Zeela,
2026/10/02,金,藤林愛,朗読劇『ディオゲネスクラブ』大阪公演,https://osaka-zeela.jp/schedule/detail/54103,Zeela,
2026/10/02,金,阿江麗,朗読劇『ディオゲネスクラブ』大阪公演,https://osaka-zeela.jp/schedule/detail/54103,Zeela,
2026/10/02,金,熊谷香保里,朗読劇『ディオゲネスクラブ』大阪公演,https://osaka-zeela.jp/schedule/detail/54103,Zeela,
2026/10/03,土,AMANOJAKU,KITA WHEEL 2026,https://osaka-zeela.jp/schedule/detail/47163,Zeela,
2026/10/03,土,ELECTRIC MAMA,KITA WHEEL 2026,https://osaka-zeela.jp/schedule/detail/47163,Zeela,
2026/10/03,土,soratobiwo,KITA WHEEL 2026,https://osaka-zeela.jp/schedule/detail/47163,Zeela,
2026/10/03,土,rale one stance,KITA WHEEL 2026,https://osaka-zeela.jp/schedule/detail/47163,Zeela,
2026/10/03,土,THE S.O.S,KITA WHEEL 2026,https://osaka-zeela.jp/schedule/detail/47163,Zeela,
2026/10/03,土,ネテルダイヤ,KITA WHEEL 2026,https://osaka-zeela.jp/schedule/detail/47163,Zeela,
2026/10/03,土,いろかにほへと,KITA WHEEL 2026,https://osaka-zeela.jp/schedule/detail/47163,Zeela,
2026/10/03,土,アシガルユース,KITA WHEEL 2026,https://osaka-zeela.jp/schedule/detail/47163,Zeela,
2026/10/03,土,マイフェア→ガール,KITA WHEEL 2026,https://osaka-zeela.jp/schedule/detail/47163,Zeela,
2026/10/03,土,福,KITA WHEEL 2026,https://osaka-zeela.jp/schedule/detail/47163,Zeela,
2026/10/03,土,妖狐繚乱,KITA WHEEL 2026,https://osaka-zeela.jp/schedule/detail/47163,Zeela,
2026/10/03,土,らくだのこぶX,KITA WHEEL 2026,https://osaka-zeela.jp/schedule/detail/47163,Zeela,
2026/10/03,土,赤いアフロ,KITA WHEEL 2026,https://osaka-zeela.jp/schedule/detail/47163,Zeela,
2026/10/03,土,asano raincoat,KITA WHEEL 2026,https://osaka-zeela.jp/schedule/detail/47163,Zeela,
2026/10/03,土,あんどーまいか,KITA WHEEL 2026,https://osaka-zeela.jp/schedule/detail/47163,Zeela,
2026/10/03,土,K星人,KITA WHEEL 2026,https://osaka-zeela.jp/schedule/detail/47163,Zeela,
2026/10/03,土,Patrick's,KITA WHEEL 2026,https://osaka-zeela.jp/schedule/detail/47163,Zeela,
2026/10/03,土,Blow the instability,KITA WHEEL 2026,https://osaka-zeela.jp/schedule/detail/47163,Zeela,
2026/10/03,土,Hecatoncheir sisters,KITA WHEEL 2026,https://osaka-zeela.jp/schedule/detail/47163,Zeela,
2026/10/03,土,Mei,KITA WHEEL 2026,https://osaka-zeela.jp/schedule/detail/47163,Zeela,
2026/10/03,土,メタボリックシンジゲート,KITA WHEEL 2026,https://osaka-zeela.jp/schedule/detail/47163,Zeela,
2026/10/03,土,メルシー,KITA WHEEL 2026,https://osaka-zeela.jp/schedule/detail/47163,Zeela,
2026/10/03,土,無銘-mumey-,KITA WHEEL 2026,https://osaka-zeela.jp/schedule/detail/47163,Zeela,
2026/10/03,土,リバースレインボー,KITA WHEEL 2026,https://osaka-zeela.jp/schedule/detail/47163,Zeela,
2026/10/03,土,JUNIOR BREATH,KITA WHEEL 2026,https://osaka-zeela.jp/schedule/detail/47163,Zeela,
2026/10/03,土,THE SUNSHINE,KITA WHEEL 2026,https://osaka-zeela.jp/schedule/detail/47163,Zeela,
2026/10/03,土,DRAQ EDEN,KITA WHEEL 2026,https://osaka-zeela.jp/schedule/detail/47163,Zeela,
2026/10/03,土,大森健太,KITA WHEEL 2026,https://osaka-zeela.jp/schedule/detail/47163,Zeela,
2026/10/03,土,岸っしゃん,KITA WHEEL 2026,https://osaka-zeela.jp/schedule/detail/47163,Zeela,
2026/10/03,土,菱田ヒシコ,KITA WHEEL 2026,https://osaka-zeela.jp/schedule/detail/47163,Zeela,
2026/10/03,土,春輔,KITA WHEEL 2026,https://osaka-zeela.jp/schedule/detail/47163,Zeela,
2026/10/03,土,GERBERA MUFFLER赤猿,KITA WHEEL 2026,https://osaka-zeela.jp/schedule/detail/47163,Zeela,
2026/10/03,土,Intence rook,KITA WHEEL 2026,https://osaka-zeela.jp/schedule/detail/47163,Zeela,
2026/10/03,土,No more G's,KITA WHEEL 2026,https://osaka-zeela.jp/schedule/detail/47163,Zeela,
2026/10/03,土,山口建人,KITA WHEEL 2026,https://osaka-zeela.jp/schedule/detail/47163,Zeela,
2026/10/04,日,刃駑猥座,nostalgic祭 vol.25,https://osaka-zeela.jp/schedule/detail/47957,Zeela,
2026/10/04,日,NEVER AGAIN,nostalgic祭 vol.25,https://osaka-zeela.jp/schedule/detail/47957,Zeela,
2026/10/04,日,T-Project,nostalgic祭 vol.25,https://osaka-zeela.jp/schedule/detail/47957,Zeela,
2026/10/04,日,IRON WORKER,nostalgic祭 vol.25,https://osaka-zeela.jp/schedule/detail/47957,Zeela,
2026/10/04,日,貞麻里Project,nostalgic祭 vol.25,https://osaka-zeela.jp/schedule/detail/47957,Zeela,
2026/10/04,日,冥尊,nostalgic祭 vol.25,https://osaka-zeela.jp/schedule/detail/47957,Zeela,
2026/10/04,日,蛸殴総本山nostalgic version,nostalgic祭 vol.25,https://osaka-zeela.jp/schedule/detail/47957,Zeela,
2026/10/04,日,R-BLOOD,nostalgic祭 vol.25,https://osaka-zeela.jp/schedule/detail/47957,Zeela,
2026/10/04,日,鬼陽座,nostalgic祭 vol.25,https://osaka-zeela.jp/schedule/detail/47957,Zeela,
2026/10/05,月,THE BODY,Zeela presents MAGIC HOUR,https://osaka-zeela.jp/schedule/detail/53731,Zeela,
2026/10/05,月,Machinearhythm,Zeela presents MAGIC HOUR,https://osaka-zeela.jp/schedule/detail/53731,Zeela,
2026/10/05,月,揺らいで凪,Zeela presents MAGIC HOUR,https://osaka-zeela.jp/schedule/detail/53731,Zeela,
2026/10/05,月,RobotMeetRobo,Zeela presents MAGIC HOUR,https://osaka-zeela.jp/schedule/detail/53731,Zeela,
2026/10/05,月,rolling darling,Zeela presents MAGIC HOUR,https://osaka-zeela.jp/schedule/detail/53731,Zeela,
2026/10/06,火,アオイハル,Zeela pre.EXTRAVAGANZA,https://osaka-zeela.jp/schedule/detail/53726,Zeela,
2026/10/06,火,QABRAKAN,Zeela pre.EXTRAVAGANZA,https://osaka-zeela.jp/schedule/detail/53726,Zeela,
2026/10/06,火,THE WOW,Zeela pre.EXTRAVAGANZA,https://osaka-zeela.jp/schedule/detail/53726,Zeela,
2026/10/06,火,透明な7日目の真実,Zeela pre.EXTRAVAGANZA,https://osaka-zeela.jp/schedule/detail/53726,Zeela,
2026/10/06,火,ノーサイド・アウトサイダー,Zeela pre.EXTRAVAGANZA,https://osaka-zeela.jp/schedule/detail/53726,Zeela,
2026/10/06,火,密会と耳鳴り,Zeela pre.EXTRAVAGANZA,https://osaka-zeela.jp/schedule/detail/53726,Zeela,
2026/10/06,火,ITO→たのし,Zeela pre.EXTRAVAGANZA,https://osaka-zeela.jp/schedule/detail/53726,Zeela,
2026/10/07,水,草野華余子,一色隼生誕祭につきZeelaで出張Mochi-Suki-Nabeやってくれないすか？with華余子,https://osaka-zeela.jp/schedule/detail/53732,Zeela,
2026/10/07,水,望月草介,一色隼生誕祭につきZeelaで出張Mochi-Suki-Nabeやってくれないすか？with華余子,https://osaka-zeela.jp/schedule/detail/53732,Zeela,
2026/10/07,水,ヤスキ,一色隼生誕祭につきZeelaで出張Mochi-Suki-Nabeやってくれないすか？with華余子,https://osaka-zeela.jp/schedule/detail/53732,Zeela,
2026/10/07,水,眞鍋 総一郎,一色隼生誕祭につきZeelaで出張Mochi-Suki-Nabeやってくれないすか？with華余子,https://osaka-zeela.jp/schedule/detail/53732,Zeela,
2026/10/08,木,午前0時のWARUAGAKI,午前0時のWARUAGAKI presents「 夜ふかし同盟 」,https://osaka-zeela.jp/schedule/detail/53582,Zeela,
2026/10/08,木,Disconnect Cendrillon,午前0時のWARUAGAKI presents「 夜ふかし同盟 」,https://osaka-zeela.jp/schedule/detail/53582,Zeela,
2026/10/08,木,MANATY,午前0時のWARUAGAKI presents「 夜ふかし同盟 」,https://osaka-zeela.jp/schedule/detail/53582,Zeela,
2026/10/08,木,終音☆眠,午前0時のWARUAGAKI presents「 夜ふかし同盟 」,https://osaka-zeela.jp/schedule/detail/53582,Zeela,
2026/10/09,金,Absolute area,Zeela presents KITA KITA GO GO MINAMI WHEEL EDITION,https://osaka-zeela.jp/schedule/detail/54194,Zeela,
2026/10/09,金,Wash My Friday,Zeela presents KITA KITA GO GO MINAMI WHEEL EDITION,https://osaka-zeela.jp/schedule/detail/54194,Zeela,
2026/10/09,金,Grape Kiki,Zeela presents KITA KITA GO GO MINAMI WHEEL EDITION,https://osaka-zeela.jp/schedule/detail/54194,Zeela,
2026/10/09,金,OXU,Zeela presents KITA KITA GO GO MINAMI WHEEL EDITION,https://osaka-zeela.jp/schedule/detail/54194,Zeela,
2026/10/10,土,Mrs.Ihara,夏門企画,https://osaka-zeela.jp/schedule/detail/49127,Zeela,
2026/10/10,土,ぽるかとっとこハム太郎,夏門企画,https://osaka-zeela.jp/schedule/detail/49127,Zeela,
2026/10/10,土,Aboo,夏門企画,https://osaka-zeela.jp/schedule/detail/49127,Zeela,
2026/10/10,土,EGOTINPAN BAKI,夏門企画,https://osaka-zeela.jp/schedule/detail/49127,Zeela,
2026/10/10,土,スバルリターン,夏門企画,https://osaka-zeela.jp/schedule/detail/49127,Zeela,
2026/10/10,土,男色社会,夏門企画,https://osaka-zeela.jp/schedule/detail/49127,Zeela,
2026/10/10,土,CLEAR CLEAN,夏門企画,https://osaka-zeela.jp/schedule/detail/49127,Zeela,
2026/10/10,土,竿勃座部,夏門企画,https://osaka-zeela.jp/schedule/detail/49127,Zeela,
2026/10/10,土,ドパ柿,夏門企画,https://osaka-zeela.jp/schedule/detail/49127,Zeela,
2026/10/10,土,君たちはまだ学生なので最長4年伸ばせるどん！,夏門企画,https://osaka-zeela.jp/schedule/detail/49127,Zeela,
2026/10/10,土,にょまれ〜 w,夏門企画,https://osaka-zeela.jp/schedule/detail/49127,Zeela,
2026/10/10,土,Player's High,夏門企画,https://osaka-zeela.jp/schedule/detail/49127,Zeela,
2026/10/11,日,SAKE-WIPPIN',モシャス Lv.10,https://osaka-zeela.jp/schedule/detail/47859,Zeela,
2026/10/11,日,SHOW-YOU,モシャス Lv.10,https://osaka-zeela.jp/schedule/detail/47859,Zeela,
2026/10/11,日,かごめごめ,モシャス Lv.10,https://osaka-zeela.jp/schedule/detail/47859,Zeela,
2026/10/11,日,グリーンピースパラダイス,モシャス Lv.10,https://osaka-zeela.jp/schedule/detail/47859,Zeela,
2026/10/11,日,地平線大紀行,モシャス Lv.10,https://osaka-zeela.jp/schedule/detail/47859,Zeela,
2026/10/11,日,pluie noire,モシャス Lv.10,https://osaka-zeela.jp/schedule/detail/47859,Zeela,
2026/10/11,日,phase 2.5,モシャス Lv.10,https://osaka-zeela.jp/schedule/detail/47859,Zeela,
2026/10/11,日,Mo mooe 5,モシャス Lv.10,https://osaka-zeela.jp/schedule/detail/47859,Zeela,
2026/10/11,日,HungRy Piglet,モシャス Lv.10,https://osaka-zeela.jp/schedule/detail/47859,Zeela,
2026/10/12,月,LØISLOID,結杏沙あゆ生誕祭2026 「初めまして結杏沙あゆです！」,https://osaka-zeela.jp/schedule/detail/53447,Zeela,
2026/10/12,月,ENVY PARANOID,結杏沙あゆ生誕祭2026 「初めまして結杏沙あゆです！」,https://osaka-zeela.jp/schedule/detail/53447,Zeela,
2026/10/12,月,CLANCROWN,結杏沙あゆ生誕祭2026 「初めまして結杏沙あゆです！」,https://osaka-zeela.jp/schedule/detail/53447,Zeela,
2026/10/12,月,透明少女,透明少女ワンマン「レイン」,https://osaka-zeela.jp/schedule/detail/51616,Zeela,
2026/10/12,月,サポートメンバー：Ba.夏朧,透明少女ワンマン「レイン」,https://osaka-zeela.jp/schedule/detail/51616,Zeela,
2026/10/12,月,Dr.834,透明少女ワンマン「レイン」,https://osaka-zeela.jp/schedule/detail/51616,Zeela,
2026/10/13,火,Arank,梅田Zeela × OTONOVA 会場代表決定戦,https://osaka-zeela.jp/schedule/detail/54718,Zeela,
2026/10/13,火,Intence Rook,梅田Zeela × OTONOVA 会場代表決定戦,https://osaka-zeela.jp/schedule/detail/54718,Zeela,
2026/10/13,火,SHOA,梅田Zeela × OTONOVA 会場代表決定戦,https://osaka-zeela.jp/schedule/detail/54718,Zeela,
2026/10/13,火,FASCINALL,梅田Zeela × OTONOVA 会場代表決定戦,https://osaka-zeela.jp/schedule/detail/54718,Zeela,
2026/10/14,水,JunkUnit,"JunkUnit presents ""JUNK JUNKY"" vol.4",https://osaka-zeela.jp/schedule/detail/52757,Zeela,
2026/10/14,水,ハヤシライフ,"JunkUnit presents ""JUNK JUNKY"" vol.4",https://osaka-zeela.jp/schedule/detail/52757,Zeela,
2026/10/14,水,asano raincoat,"JunkUnit presents ""JUNK JUNKY"" vol.4",https://osaka-zeela.jp/schedule/detail/52757,Zeela,
2026/10/14,水,ホシミッツ,"JunkUnit presents ""JUNK JUNKY"" vol.4",https://osaka-zeela.jp/schedule/detail/52757,Zeela,
2026/10/14,水,メタボリックシンジゲート,"JunkUnit presents ""JUNK JUNKY"" vol.4",https://osaka-zeela.jp/schedule/detail/52757,Zeela,
2026/10/14,水,K-TA,"JunkUnit presents ""JUNK JUNKY"" vol.4",https://osaka-zeela.jp/schedule/detail/52757,Zeela,
2026/10/14,水,M&M,"JunkUnit presents ""JUNK JUNKY"" vol.4",https://osaka-zeela.jp/schedule/detail/52757,Zeela,
2026/10/15,木,ロマンス失敗学,"Zeela presents ""Catch up""",https://osaka-zeela.jp/schedule/detail/54192,Zeela,
2026/10/15,木,Lyka,"Zeela presents ""Catch up""",https://osaka-zeela.jp/schedule/detail/54192,Zeela,
2026/10/15,木,路地裏のバレリーナ,"Zeela presents ""Catch up""",https://osaka-zeela.jp/schedule/detail/54192,Zeela,
2026/10/15,木,Jammrin',"Zeela presents ""Catch up""",https://osaka-zeela.jp/schedule/detail/54192,Zeela,
2026/10/15,木,Relially,"Zeela presents ""Catch up""",https://osaka-zeela.jp/schedule/detail/54192,Zeela,
2026/10/15,木,こころ模様,"Zeela presents ""Catch up""",https://osaka-zeela.jp/schedule/detail/54192,Zeela,
2026/10/16,金,EVE OF THE LAIN,Blue Groove Classic #6,https://osaka-zeela.jp/schedule/detail/54206,Zeela,
2026/10/16,金,わんちゃんわんわんねこにゃんにゃん,Blue Groove Classic #6,https://osaka-zeela.jp/schedule/detail/54206,Zeela,
2026/10/16,金,VOI SQUARE CAT,Blue Groove Classic #6,https://osaka-zeela.jp/schedule/detail/54206,Zeela,
2026/10/17,土,Keita's high,旅立つ燕は空を飛ぶ。,https://osaka-zeela.jp/schedule/detail/48138,Zeela,
2026/10/17,土,ニートになりたい、40代でも遊びたい,旅立つ燕は空を飛ぶ。,https://osaka-zeela.jp/schedule/detail/48138,Zeela,
2026/10/17,土,G-Wop,旅立つ燕は空を飛ぶ。,https://osaka-zeela.jp/schedule/detail/48138,Zeela,
2026/10/17,土,stereolynchi,旅立つ燕は空を飛ぶ。,https://osaka-zeela.jp/schedule/detail/48138,Zeela,
2026/10/17,土,岡本凛,旅立つ燕は空を飛ぶ。,https://osaka-zeela.jp/schedule/detail/48138,Zeela,
2026/10/17,土,hotgay,旅立つ燕は空を飛ぶ。,https://osaka-zeela.jp/schedule/detail/48138,Zeela,
2026/10/17,土,RAN OK ROCK,旅立つ燕は空を飛ぶ。,https://osaka-zeela.jp/schedule/detail/48138,Zeela,
2026/10/17,土,Lead Thee,旅立つ燕は空を飛ぶ。,https://osaka-zeela.jp/schedule/detail/48138,Zeela,
2026/10/17,土,XiQ,旅立つ燕は空を飛ぶ。,https://osaka-zeela.jp/schedule/detail/48138,Zeela,
2026/10/17,土,SwallowSense,旅立つ燕は空を飛ぶ。,https://osaka-zeela.jp/schedule/detail/48138,Zeela,
2026/10/18,日,jealkb,jealkbインディーズデビュー 20周年記念ツアー2026『二十歳薔薇ノ東名西川口阪東』,https://osaka-zeela.jp/schedule/detail/48266,Zeela,
2026/10/19,月,フェイリア,"フェイリア 1st e.p ""キミへ"" release TOUR 梅田編",https://osaka-zeela.jp/schedule/detail/53534,Zeela,
2026/10/19,月,おやしらず,"フェイリア 1st e.p ""キミへ"" release TOUR 梅田編",https://osaka-zeela.jp/schedule/detail/53534,Zeela,
2026/10/19,月,ガーベラマフラー,"フェイリア 1st e.p ""キミへ"" release TOUR 梅田編",https://osaka-zeela.jp/schedule/detail/53534,Zeela,
2026/10/19,月,SUB-CUL GIRL FANCLUB,"フェイリア 1st e.p ""キミへ"" release TOUR 梅田編",https://osaka-zeela.jp/schedule/detail/53534,Zeela,
2026/10/19,月,SEASIDE CIRCUIT,"フェイリア 1st e.p ""キミへ"" release TOUR 梅田編",https://osaka-zeela.jp/schedule/detail/53534,Zeela,
2026/10/19,月,チョモンズ,"フェイリア 1st e.p ""キミへ"" release TOUR 梅田編",https://osaka-zeela.jp/schedule/detail/53534,Zeela,
2026/10/21,水,畑歩,畑歩×Zeela presents “IGNITE”,https://osaka-zeela.jp/schedule/detail/53727,Zeela,
2026/10/21,水,Campanilla,畑歩×Zeela presents “IGNITE”,https://osaka-zeela.jp/schedule/detail/53727,Zeela,
2026/10/21,水,Tiiy,畑歩×Zeela presents “IGNITE”,https://osaka-zeela.jp/schedule/detail/53727,Zeela,
2026/10/21,水,mm limit,畑歩×Zeela presents “IGNITE”,https://osaka-zeela.jp/schedule/detail/53727,Zeela,
2026/10/21,水,美侑,畑歩×Zeela presents “IGNITE”,https://osaka-zeela.jp/schedule/detail/53727,Zeela,
2026/10/22,木,遊幻,遊幻界2610,https://osaka-zeela.jp/schedule/detail/54196,Zeela,
2026/10/23,金,カレラ,カレラpre. STOMP THE DOUBT vol.1,https://osaka-zeela.jp/schedule/detail/52399,Zeela,
2026/10/23,金,tenoto,カレラpre. STOMP THE DOUBT vol.1,https://osaka-zeela.jp/schedule/detail/52399,Zeela,
2026/10/24,土,ありす,Music Liver Festival(MLF) Vol.7,https://osaka-zeela.jp/schedule/detail/50938,Zeela,
2026/10/24,土,kanna,Music Liver Festival(MLF) Vol.7,https://osaka-zeela.jp/schedule/detail/50938,Zeela,
2026/10/24,土,詩春,Music Liver Festival(MLF) Vol.7,https://osaka-zeela.jp/schedule/detail/50938,Zeela,
2026/10/24,土,田中デケ,Music Liver Festival(MLF) Vol.7,https://osaka-zeela.jp/schedule/detail/50938,Zeela,
2026/10/24,土,中村詞文,Music Liver Festival(MLF) Vol.7,https://osaka-zeela.jp/schedule/detail/50938,Zeela,
2026/10/24,土,ヒルゾウ,Music Liver Festival(MLF) Vol.7,https://osaka-zeela.jp/schedule/detail/50938,Zeela,
2026/10/24,土,あまね,Music Liver Festival(MLF) Vol.7,https://osaka-zeela.jp/schedule/detail/50938,Zeela,
2026/10/24,土,ぷてDエンペラー,Music Liver Festival(MLF) Vol.7,https://osaka-zeela.jp/schedule/detail/50938,Zeela,
2026/10/24,土,星来,Music Liver Festival(MLF) Vol.7,https://osaka-zeela.jp/schedule/detail/50938,Zeela,
2026/10/24,土,大島丈人,Music Liver Festival(MLF) Vol.7,https://osaka-zeela.jp/schedule/detail/50938,Zeela,
2026/10/25,日,XANVALA,"XANVALA HALLOWEEN TOUR ""ZOMVALA 2026""",https://osaka-zeela.jp/schedule/detail/49682,Zeela,
2026/10/26,月,ヤミテラ,ヤミテラ ハロウィンワンマンツアー ヤミハロ2026,https://osaka-zeela.jp/schedule/detail/51443,Zeela,
2026/10/29,木,AOE,Zeela presents. YAMINABE DEATH MATCH!! -Zeela 13周年目前!!感謝の2days-,https://osaka-zeela.jp/schedule/detail/53611,Zeela,
2026/10/29,木,ANDY,Zeela presents. YAMINABE DEATH MATCH!! -Zeela 13周年目前!!感謝の2days-,https://osaka-zeela.jp/schedule/detail/53611,Zeela,
2026/10/29,木,icchang,Zeela presents. YAMINABE DEATH MATCH!! -Zeela 13周年目前!!感謝の2days-,https://osaka-zeela.jp/schedule/detail/53611,Zeela,
2026/10/29,木,江藤慧(YODACA,Zeela presents. YAMINABE DEATH MATCH!! -Zeela 13周年目前!!感謝の2days-,https://osaka-zeela.jp/schedule/detail/53611,Zeela,
2026/10/29,木,Edna),Zeela presents. YAMINABE DEATH MATCH!! -Zeela 13周年目前!!感謝の2days-,https://osaka-zeela.jp/schedule/detail/53611,Zeela,
2026/10/29,木,ENERGY,Zeela presents. YAMINABE DEATH MATCH!! -Zeela 13周年目前!!感謝の2days-,https://osaka-zeela.jp/schedule/detail/53611,Zeela,
2026/10/29,木,ジャガー西宮,Zeela presents. YAMINABE DEATH MATCH!! -Zeela 13周年目前!!感謝の2days-,https://osaka-zeela.jp/schedule/detail/53611,Zeela,
2026/10/29,木,ななみ,Zeela presents. YAMINABE DEATH MATCH!! -Zeela 13周年目前!!感謝の2days-,https://osaka-zeela.jp/schedule/detail/53611,Zeela,
2026/10/29,木,NEW!ど根性,Zeela presents. YAMINABE DEATH MATCH!! -Zeela 13周年目前!!感謝の2days-,https://osaka-zeela.jp/schedule/detail/53611,Zeela,
2026/10/29,木,前田小春,Zeela presents. YAMINABE DEATH MATCH!! -Zeela 13周年目前!!感謝の2days-,https://osaka-zeela.jp/schedule/detail/53611,Zeela,
2026/10/29,木,みさきち,Zeela presents. YAMINABE DEATH MATCH!! -Zeela 13周年目前!!感謝の2days-,https://osaka-zeela.jp/schedule/detail/53611,Zeela,
2026/10/29,木,ヨギショータロー,Zeela presents. YAMINABE DEATH MATCH!! -Zeela 13周年目前!!感謝の2days-,https://osaka-zeela.jp/schedule/detail/53611,Zeela,
2026/10/29,木,一色隼,Zeela presents. YAMINABE DEATH MATCH!! -Zeela 13周年目前!!感謝の2days-,https://osaka-zeela.jp/schedule/detail/53611,Zeela,
2026/10/29,木,おーしゃん,Zeela presents. YAMINABE DEATH MATCH!! -Zeela 13周年目前!!感謝の2days-,https://osaka-zeela.jp/schedule/detail/53611,Zeela,
2026/10/29,木,Katsuya,Zeela presents. YAMINABE DEATH MATCH!! -Zeela 13周年目前!!感謝の2days-,https://osaka-zeela.jp/schedule/detail/53611,Zeela,
2026/10/29,木,田口ユウジ,Zeela presents. YAMINABE DEATH MATCH!! -Zeela 13周年目前!!感謝の2days-,https://osaka-zeela.jp/schedule/detail/53611,Zeela,
2026/10/29,木,ハルト,Zeela presents. YAMINABE DEATH MATCH!! -Zeela 13周年目前!!感謝の2days-,https://osaka-zeela.jp/schedule/detail/53611,Zeela,
2026/10/29,木,Hyoga,Zeela presents. YAMINABE DEATH MATCH!! -Zeela 13周年目前!!感謝の2days-,https://osaka-zeela.jp/schedule/detail/53611,Zeela,
2026/10/29,木,ピンクマン,Zeela presents. YAMINABE DEATH MATCH!! -Zeela 13周年目前!!感謝の2days-,https://osaka-zeela.jp/schedule/detail/53611,Zeela,
2026/10/29,木,ふじむ(KINGSX,Zeela presents. YAMINABE DEATH MATCH!! -Zeela 13周年目前!!感謝の2days-,https://osaka-zeela.jp/schedule/detail/53611,Zeela,
2026/10/29,木,ソウルフード),Zeela presents. YAMINABE DEATH MATCH!! -Zeela 13周年目前!!感謝の2days-,https://osaka-zeela.jp/schedule/detail/53611,Zeela,
2026/10/29,木,ホシエ,Zeela presents. YAMINABE DEATH MATCH!! -Zeela 13周年目前!!感謝の2days-,https://osaka-zeela.jp/schedule/detail/53611,Zeela,
2026/10/29,木,msk,Zeela presents. YAMINABE DEATH MATCH!! -Zeela 13周年目前!!感謝の2days-,https://osaka-zeela.jp/schedule/detail/53611,Zeela,
2026/10/29,木,御影まり,Zeela presents. YAMINABE DEATH MATCH!! -Zeela 13周年目前!!感謝の2days-,https://osaka-zeela.jp/schedule/detail/53611,Zeela,
2026/10/29,木,ゆーと,Zeela presents. YAMINABE DEATH MATCH!! -Zeela 13周年目前!!感謝の2days-,https://osaka-zeela.jp/schedule/detail/53611,Zeela,
2026/10/29,木,石子,Zeela presents. YAMINABE DEATH MATCH!! -Zeela 13周年目前!!感謝の2days-,https://osaka-zeela.jp/schedule/detail/53611,Zeela,
2026/10/29,木,カズー,Zeela presents. YAMINABE DEATH MATCH!! -Zeela 13周年目前!!感謝の2days-,https://osaka-zeela.jp/schedule/detail/53611,Zeela,
2026/10/29,木,ケケ(waybee,Zeela presents. YAMINABE DEATH MATCH!! -Zeela 13周年目前!!感謝の2days-,https://osaka-zeela.jp/schedule/detail/53611,Zeela,
2026/10/29,木,YOKALOK),Zeela presents. YAMINABE DEATH MATCH!! -Zeela 13周年目前!!感謝の2days-,https://osaka-zeela.jp/schedule/detail/53611,Zeela,
2026/10/29,木,さくら,Zeela presents. YAMINABE DEATH MATCH!! -Zeela 13周年目前!!感謝の2days-,https://osaka-zeela.jp/schedule/detail/53611,Zeela,
2026/10/29,木,CR蒙古斑バインバインのとく,Zeela presents. YAMINABE DEATH MATCH!! -Zeela 13周年目前!!感謝の2days-,https://osaka-zeela.jp/schedule/detail/53611,Zeela,
2026/10/29,木,SHAKE-KUN,Zeela presents. YAMINABE DEATH MATCH!! -Zeela 13周年目前!!感謝の2days-,https://osaka-zeela.jp/schedule/detail/53611,Zeela,
2026/10/29,木,新田万博(ハヤシライフ,Zeela presents. YAMINABE DEATH MATCH!! -Zeela 13周年目前!!感謝の2days-,https://osaka-zeela.jp/schedule/detail/53611,Zeela,
2026/10/29,木,JANOMES),Zeela presents. YAMINABE DEATH MATCH!! -Zeela 13周年目前!!感謝の2days-,https://osaka-zeela.jp/schedule/detail/53611,Zeela,
2026/10/29,木,洋樹,Zeela presents. YAMINABE DEATH MATCH!! -Zeela 13周年目前!!感謝の2days-,https://osaka-zeela.jp/schedule/detail/53611,Zeela,
2026/10/29,木,もえ,Zeela presents. YAMINABE DEATH MATCH!! -Zeela 13周年目前!!感謝の2days-,https://osaka-zeela.jp/schedule/detail/53611,Zeela,
2026/10/29,木,49,Zeela presents. YAMINABE DEATH MATCH!! -Zeela 13周年目前!!感謝の2days-,https://osaka-zeela.jp/schedule/detail/53611,Zeela,
2026/10/29,木,大橋ENERGY真成,Zeela presents. YAMINABE DEATH MATCH!! -Zeela 13周年目前!!感謝の2days-,https://osaka-zeela.jp/schedule/detail/53611,Zeela,
2026/10/29,木,ゴン,Zeela presents. YAMINABE DEATH MATCH!! -Zeela 13周年目前!!感謝の2days-,https://osaka-zeela.jp/schedule/detail/53611,Zeela,
2026/10/29,木,タカダモモ,Zeela presents. YAMINABE DEATH MATCH!! -Zeela 13周年目前!!感謝の2days-,https://osaka-zeela.jp/schedule/detail/53611,Zeela,
2026/10/29,木,藤沢アユミ,Zeela presents. YAMINABE DEATH MATCH!! -Zeela 13周年目前!!感謝の2days-,https://osaka-zeela.jp/schedule/detail/53611,Zeela,
2026/10/29,木,かってぃん,Zeela presents. YAMINABE DEATH MATCH!! -Zeela 13周年目前!!感謝の2days-,https://osaka-zeela.jp/schedule/detail/53611,Zeela,
2026/10/29,木,カミヤショウ,Zeela presents. YAMINABE DEATH MATCH!! -Zeela 13周年目前!!感謝の2days-,https://osaka-zeela.jp/schedule/detail/53611,Zeela,
2026/10/29,木,かれどん,Zeela presents. YAMINABE DEATH MATCH!! -Zeela 13周年目前!!感謝の2days-,https://osaka-zeela.jp/schedule/detail/53611,Zeela,
2026/10/29,木,月刊少女のぞみ,Zeela presents. YAMINABE DEATH MATCH!! -Zeela 13周年目前!!感謝の2days-,https://osaka-zeela.jp/schedule/detail/53611,Zeela,
2026/10/29,木,田中,Zeela presents. YAMINABE DEATH MATCH!! -Zeela 13周年目前!!感謝の2days-,https://osaka-zeela.jp/schedule/detail/53611,Zeela,
2026/10/29,木,ののんの,Zeela presents. YAMINABE DEATH MATCH!! -Zeela 13周年目前!!感謝の2days-,https://osaka-zeela.jp/schedule/detail/53611,Zeela,
2026/10/29,木,バカンス,Zeela presents. YAMINABE DEATH MATCH!! -Zeela 13周年目前!!感謝の2days-,https://osaka-zeela.jp/schedule/detail/53611,Zeela,
2026/10/29,木,はるや,Zeela presents. YAMINABE DEATH MATCH!! -Zeela 13周年目前!!感謝の2days-,https://osaka-zeela.jp/schedule/detail/53611,Zeela,
2026/10/29,木,盆地ドラマーさっちゃん,Zeela presents. YAMINABE DEATH MATCH!! -Zeela 13周年目前!!感謝の2days-,https://osaka-zeela.jp/schedule/detail/53611,Zeela,
2026/10/29,木,ユリカ,Zeela presents. YAMINABE DEATH MATCH!! -Zeela 13周年目前!!感謝の2days-,https://osaka-zeela.jp/schedule/detail/53611,Zeela,
2026/10/30,金,三隅一輝,MUSIC × CROSS  Vol.5-Halloween SP-,https://osaka-zeela.jp/schedule/detail/54635,Zeela,
2026/10/30,金,CRUSH,MUSIC × CROSS  Vol.5-Halloween SP-,https://osaka-zeela.jp/schedule/detail/54635,Zeela,
2026/10/30,金,ROYAL VAMP ROSE,MUSIC × CROSS  Vol.5-Halloween SP-,https://osaka-zeela.jp/schedule/detail/54635,Zeela,
2026/10/30,金,幽獄パレード,MUSIC × CROSS  Vol.5-Halloween SP-,https://osaka-zeela.jp/schedule/detail/54635,Zeela,
2026/10/30,金,キミトソラ,MUSIC × CROSS  Vol.5-Halloween SP-,https://osaka-zeela.jp/schedule/detail/54635,Zeela,
2026/10/30,金,RoiAm,MUSIC × CROSS  Vol.5-Halloween SP-,https://osaka-zeela.jp/schedule/detail/54635,Zeela,
2026/10/30,金,なにわらいん,MUSIC × CROSS  Vol.5-Halloween SP-,https://osaka-zeela.jp/schedule/detail/54635,Zeela,
2026/10/31,土,〇〇ごっこ,Dの食卓2 BAND Halloween Trick or Music！,https://osaka-zeela.jp/schedule/detail/48524,Zeela,
2026/10/31,土,なにわの怪盗団,Dの食卓2 BAND Halloween Trick or Music！,https://osaka-zeela.jp/schedule/detail/48524,Zeela,
2026/10/31,土,男sing SAMURAI,Dの食卓2 BAND Halloween Trick or Music！,https://osaka-zeela.jp/schedule/detail/48524,Zeela,
2026/10/31,土,Intence Rook,Dの食卓2 BAND Halloween Trick or Music！,https://osaka-zeela.jp/schedule/detail/48524,Zeela,
2026/10/31,土,超セイヤ伝説,Dの食卓2 BAND Halloween Trick or Music！,https://osaka-zeela.jp/schedule/detail/48524,Zeela,
2026/10/31,土,絶不調衆,Dの食卓2 BAND Halloween Trick or Music！,https://osaka-zeela.jp/schedule/detail/48524,Zeela,
2026/10/31,土,スンッとしてニパァ！,Dの食卓2 BAND Halloween Trick or Music！,https://osaka-zeela.jp/schedule/detail/48524,Zeela,
2026/10/31,土,K.S.G FOXBAND,Dの食卓2 BAND Halloween Trick or Music！,https://osaka-zeela.jp/schedule/detail/48524,Zeela,
2026/10/31,土,Ema Mujica,Dの食卓2 BAND Halloween Trick or Music！,https://osaka-zeela.jp/schedule/detail/48524,Zeela,
2026/11/01,日,ゴホウビ,GOHOBI ONEMAN LIVE TOUR 2026 “STITCH THE SUNSET”,https://osaka-zeela.jp/schedule/detail/50278,Zeela,
2026/11/02,月,OKOJO,ジーラ13周年だよスリーマンライブ,https://osaka-zeela.jp/schedule/detail/53612,Zeela,
2026/11/02,月,君がそうなら僕はこう,ジーラ13周年だよスリーマンライブ,https://osaka-zeela.jp/schedule/detail/53612,Zeela,
2026/11/02,月,Adult family,ジーラ13周年だよスリーマンライブ,https://osaka-zeela.jp/schedule/detail/53612,Zeela,
2026/11/03,火,ajiheng,とりとうわばみ 放し魚遍,https://osaka-zeela.jp/schedule/detail/45269,Zeela,
2026/11/03,火,Ayu Okakita,とりとうわばみ 放し魚遍,https://osaka-zeela.jp/schedule/detail/45269,Zeela,
2026/11/03,火,DUCK HOUSE & SOMAOTA,とりとうわばみ 放し魚遍,https://osaka-zeela.jp/schedule/detail/45269,Zeela,
2026/11/03,火,bird,とりとうわばみ 放し魚遍,https://osaka-zeela.jp/schedule/detail/45269,Zeela,
2026/11/03,火,BūJ,とりとうわばみ 放し魚遍,https://osaka-zeela.jp/schedule/detail/45269,Zeela,
2026/11/03,火,Sudare,とりとうわばみ 放し魚遍,https://osaka-zeela.jp/schedule/detail/45269,Zeela,
2026/11/03,火,Kamachu & Okayu,とりとうわばみ 放し魚遍,https://osaka-zeela.jp/schedule/detail/45269,Zeela,
2026/11/03,火,日本酒みずどり,とりとうわばみ 放し魚遍,https://osaka-zeela.jp/schedule/detail/45269,Zeela,
2026/11/03,火,穀雨,とりとうわばみ 放し魚遍,https://osaka-zeela.jp/schedule/detail/45269,Zeela,
2026/11/03,火,鮨 大吾,とりとうわばみ 放し魚遍,https://osaka-zeela.jp/schedule/detail/45269,Zeela,
2026/11/03,火,BAR QUINTA,とりとうわばみ 放し魚遍,https://osaka-zeela.jp/schedule/detail/45269,Zeela,
2026/11/03,火,ツキノワ fish skewers,とりとうわばみ 放し魚遍,https://osaka-zeela.jp/schedule/detail/45269,Zeela,
2026/11/04,水,FASE,Zeela 13th Anniversary Special 2man live -POPCORN VIBRATION-,https://osaka-zeela.jp/schedule/detail/54432,Zeela,
2026/11/04,水,山口諒也,Zeela 13th Anniversary Special 2man live -POPCORN VIBRATION-,https://osaka-zeela.jp/schedule/detail/54432,Zeela,
2026/11/05,木,NETH PRIERE CAIN,NETH PRIERE CAIN 8周年記念単独公演TOUR「叛虐謳歌-大阪編-」,https://osaka-zeela.jp/schedule/detail/52484,Zeela,
2026/11/07,土,草野華余子,Zeela presents PASSIONISTA -Zeela 13th ANNIVERSARY-,https://osaka-zeela.jp/schedule/detail/48880,Zeela,
2026/11/07,土,そこに鳴る,Zeela presents PASSIONISTA -Zeela 13th ANNIVERSARY-,https://osaka-zeela.jp/schedule/detail/48880,Zeela,
2026/11/07,土,ペロペロしてやりたいわズ。,Zeela presents PASSIONISTA -Zeela 13th ANNIVERSARY-,https://osaka-zeela.jp/schedule/detail/48880,Zeela,
2026/11/07,土,Romansquall,Zeela presents PASSIONISTA -Zeela 13th ANNIVERSARY-,https://osaka-zeela.jp/schedule/detail/48880,Zeela,
2026/11/07,土,喫茶室ラハト,Zeela presents PASSIONISTA -Zeela 13th ANNIVERSARY-,https://osaka-zeela.jp/schedule/detail/48880,Zeela,
2026/11/10,火,CHASED,CHASED × Zeela13周年 - Acoustic Chase -,https://osaka-zeela.jp/schedule/detail/54322,Zeela,
2026/11/10,火,ISATO & Daiki,CHASED × Zeela13周年 - Acoustic Chase -,https://osaka-zeela.jp/schedule/detail/54322,Zeela,
2026/11/10,火,栞寧,CHASED × Zeela13周年 - Acoustic Chase -,https://osaka-zeela.jp/schedule/detail/54322,Zeela,
2026/11/10,火,Nobu＆Masaki,CHASED × Zeela13周年 - Acoustic Chase -,https://osaka-zeela.jp/schedule/detail/54322,Zeela,
2026/11/11,水,Smash up,Smash up presents【SUPERHEADS】-Smash up 26th & UMEDA Zeela 13th Anniversary-,https://osaka-zeela.jp/schedule/detail/52408,Zeela,
2026/11/11,水,ADAM at,Smash up presents【SUPERHEADS】-Smash up 26th & UMEDA Zeela 13th Anniversary-,https://osaka-zeela.jp/schedule/detail/52408,Zeela,
2026/11/11,水,SUNSHINE DUB,Smash up presents【SUPERHEADS】-Smash up 26th & UMEDA Zeela 13th Anniversary-,https://osaka-zeela.jp/schedule/detail/52408,Zeela,
2026/11/11,水,Runny Noize,Smash up presents【SUPERHEADS】-Smash up 26th & UMEDA Zeela 13th Anniversary-,https://osaka-zeela.jp/schedule/detail/52408,Zeela,
2026/11/13,金,ホシミッツ,"ホシミッツ presents ""SPICY PARADE!!"" -Zeela 13th ANNIVERSARY-",https://osaka-zeela.jp/schedule/detail/52390,Zeela,
2026/11/13,金,Kanit,"ホシミッツ presents ""SPICY PARADE!!"" -Zeela 13th ANNIVERSARY-",https://osaka-zeela.jp/schedule/detail/52390,Zeela,
2026/11/13,金,JunkUnit,"ホシミッツ presents ""SPICY PARADE!!"" -Zeela 13th ANNIVERSARY-",https://osaka-zeela.jp/schedule/detail/52390,Zeela,
2026/11/13,金,asano raincoat,"ホシミッツ presents ""SPICY PARADE!!"" -Zeela 13th ANNIVERSARY-",https://osaka-zeela.jp/schedule/detail/52390,Zeela,
2026/11/13,金,Heartful★Funks,"ホシミッツ presents ""SPICY PARADE!!"" -Zeela 13th ANNIVERSARY-",https://osaka-zeela.jp/schedule/detail/52390,Zeela,
2026/11/13,金,ナツノコエ,"ホシミッツ presents ""SPICY PARADE!!"" -Zeela 13th ANNIVERSARY-",https://osaka-zeela.jp/schedule/detail/52390,Zeela,
2026/11/13,金,虹の仏,"ホシミッツ presents ""SPICY PARADE!!"" -Zeela 13th ANNIVERSARY-",https://osaka-zeela.jp/schedule/detail/52390,Zeela,
2026/11/14,土,AMAN,NO SUN ー NO MOON ー NOVEMBER THE VAMPIRE SLUMBERS,https://osaka-zeela.jp/schedule/detail/49859,Zeela,
2026/11/15,日,シェルミィ,10周年記念単独見世物公演TOUR「銃声」,https://osaka-zeela.jp/schedule/detail/51682,Zeela,
2026/11/16,月,OXU,Zeela presents MAGIC HOUR -Zeela 13th Anniversary-,https://osaka-zeela.jp/schedule/detail/53968,Zeela,
2026/11/16,月,チセツナガラ,Zeela presents MAGIC HOUR -Zeela 13th Anniversary-,https://osaka-zeela.jp/schedule/detail/53968,Zeela,
2026/11/16,月,灯火日和,Zeela presents MAGIC HOUR -Zeela 13th Anniversary-,https://osaka-zeela.jp/schedule/detail/53968,Zeela,
2026/11/16,月,JANOMES,Zeela presents MAGIC HOUR -Zeela 13th Anniversary-,https://osaka-zeela.jp/schedule/detail/53968,Zeela,
2026/11/16,月,Shaftray,Zeela presents MAGIC HOUR -Zeela 13th Anniversary-,https://osaka-zeela.jp/schedule/detail/53968,Zeela,
2026/11/16,月,Wing-Stong,Zeela presents MAGIC HOUR -Zeela 13th Anniversary-,https://osaka-zeela.jp/schedule/detail/53968,Zeela,
2026/11/18,水,LUMiRiSE,Zeela13周年記念祭,https://osaka-zeela.jp/schedule/detail/53982,Zeela,
2026/11/18,水,ALL iN FAZE,Zeela13周年記念祭,https://osaka-zeela.jp/schedule/detail/53982,Zeela,
2026/11/18,水,Disconnect Cendrillon,Zeela13周年記念祭,https://osaka-zeela.jp/schedule/detail/53982,Zeela,
2026/11/18,水,サディスティック仮面ちゃん,Zeela13周年記念祭,https://osaka-zeela.jp/schedule/detail/53982,Zeela,
2026/11/20,金,YU'S,"YU'S tour 2026 ""Just for you""",https://osaka-zeela.jp/schedule/detail/53465,Zeela,
2026/11/20,金,PURPLE BUBBLE,"YU'S tour 2026 ""Just for you""",https://osaka-zeela.jp/schedule/detail/53465,Zeela,
2026/11/21,土,cadode,"cadode ""ainigma""",https://osaka-zeela.jp/schedule/detail/51233,Zeela,
2026/11/22,日,真之介＆石川マリー,"音色 PRESENTS 「OUR ROOTS, OUR LOVE」 真之介＆石川マリー ANNIVERSARY LIVE 2026",https://osaka-zeela.jp/schedule/detail/48582,Zeela,
2026/11/22,日,Full Of Harmony,"音色 PRESENTS 「OUR ROOTS, OUR LOVE」 真之介＆石川マリー ANNIVERSARY LIVE 2026",https://osaka-zeela.jp/schedule/detail/48582,Zeela,
2026/11/22,日,JAY'ED,"音色 PRESENTS 「OUR ROOTS, OUR LOVE」 真之介＆石川マリー ANNIVERSARY LIVE 2026",https://osaka-zeela.jp/schedule/detail/48582,Zeela,
2026/11/22,日,MAY'S,"音色 PRESENTS 「OUR ROOTS, OUR LOVE」 真之介＆石川マリー ANNIVERSARY LIVE 2026",https://osaka-zeela.jp/schedule/detail/48582,Zeela,
2026/11/22,日,Lugz&Jera,"音色 PRESENTS 「OUR ROOTS, OUR LOVE」 真之介＆石川マリー ANNIVERSARY LIVE 2026",https://osaka-zeela.jp/schedule/detail/48582,Zeela,
2026/11/23,月,THE SALA,つぼロックmiracle★ナイトvol.9 BIGCAT 決起会,https://osaka-zeela.jp/schedule/detail/52169,Zeela,
2026/11/23,月,MAD JAMIE,つぼロックmiracle★ナイトvol.9 BIGCAT 決起会,https://osaka-zeela.jp/schedule/detail/52169,Zeela,
2026/11/23,月,谷井大介,つぼロックmiracle★ナイトvol.9 BIGCAT 決起会,https://osaka-zeela.jp/schedule/detail/52169,Zeela,
2026/11/23,月,チーム ハレルヤ,つぼロックmiracle★ナイトvol.9 BIGCAT 決起会,https://osaka-zeela.jp/schedule/detail/52169,Zeela,
2026/11/23,月,and more...,つぼロックmiracle★ナイトvol.9 BIGCAT 決起会,https://osaka-zeela.jp/schedule/detail/52169,Zeela,
2026/11/24,火,Bye-Bye-Handの方程式,Zeela 13th Anniversary 『無礼講』,https://osaka-zeela.jp/schedule/detail/54631,Zeela,
2026/11/24,火,Chimothy→,Zeela 13th Anniversary 『無礼講』,https://osaka-zeela.jp/schedule/detail/54631,Zeela,
2026/11/24,火,Hello Hello,Zeela 13th Anniversary 『無礼講』,https://osaka-zeela.jp/schedule/detail/54631,Zeela,
2026/11/25,水,Romansquall,Romansquall Pre. Mushup Tunes!! -NEO- ～Zeela 13th Anniversary～,https://osaka-zeela.jp/schedule/detail/53454,Zeela,
2026/11/25,水,and more...,Romansquall Pre. Mushup Tunes!! -NEO- ～Zeela 13th Anniversary～,https://osaka-zeela.jp/schedule/detail/53454,Zeela,
2026/11/27,金,草野華余子,草野華余子 presents Anison Are Ours！ vol.3 -Zeela 13th Anniversary-,https://osaka-zeela.jp/schedule/detail/53466,Zeela,
2026/11/27,金,亜咲花,草野華余子 presents Anison Are Ours！ vol.3 -Zeela 13th Anniversary-,https://osaka-zeela.jp/schedule/detail/53466,Zeela,
2026/11/27,金,MindaRyn,草野華余子 presents Anison Are Ours！ vol.3 -Zeela 13th Anniversary-,https://osaka-zeela.jp/schedule/detail/53466,Zeela,
2026/11/27,金,小玉ひかり,草野華余子 presents Anison Are Ours！ vol.3 -Zeela 13th Anniversary-,https://osaka-zeela.jp/schedule/detail/53466,Zeela,
2026/11/27,金,※スペシャルコラボあり!!,草野華余子 presents Anison Are Ours！ vol.3 -Zeela 13th Anniversary-,https://osaka-zeela.jp/schedule/detail/53466,Zeela,
2026/11/29,日,西月麗音,西月麗音 ONE MAN TOUR「加速」,https://osaka-zeela.jp/schedule/detail/52125,Zeela,
2026/11/30,月,Ivy to Fraudulent Game,"Ivy to Fraudulent Game oneman live ""Shadow Dance""",https://osaka-zeela.jp/schedule/detail/54208,Zeela,
2026/12/02,水,Nikoん,"Nikoん meets TOWER RECORDS ""COMPACT DISC IS NOT DEAD TOUR""",https://osaka-zeela.jp/schedule/detail/55877,Zeela,
2026/12/04,金,チセツナガラ,『現代稚拙概論』応用編,https://osaka-zeela.jp/schedule/detail/51913,Zeela,
2026/12/10,木,Bray me,Zeela13周年記念企画 -VS-,https://osaka-zeela.jp/schedule/detail/54634,Zeela,
2026/12/10,木,なきごと,Zeela13周年記念企画 -VS-,https://osaka-zeela.jp/schedule/detail/54634,Zeela,
2026/12/18,金,Half time Old,"Half time Old presents ""戦ってるんだ"" ツーマンツアー 2026-2027",https://osaka-zeela.jp/schedule/detail/56587,Zeela,
2026/12/18,金,bokula.,"Half time Old presents ""戦ってるんだ"" ツーマンツアー 2026-2027",https://osaka-zeela.jp/schedule/detail/56587,Zeela,
2027/01/23,土,草野華余子,草野華余子 Band Oneman Live 2027 「Reboot on the Deadline」,https://osaka-zeela.jp/schedule/detail/50504,Zeela,
2027/02/20,土,ルルネージュ,ルルネージュ東名阪ツアー2027 「開花前線」大阪,https://osaka-zeela.jp/schedule/detail/50853,Zeela,
2026/10/01,木,斉藤れいか,NaturalWoman,http://www.knave.co.jp/schedule/s_2026_10.html,knave,
2026/10/01,木,愛生,NaturalWoman,http://www.knave.co.jp/schedule/s_2026_10.html,knave,
2026/10/01,木,EiMi,NaturalWoman,http://www.knave.co.jp/schedule/s_2026_10.html,knave,
2026/10/01,木,ちゃむりん,NaturalWoman,http://www.knave.co.jp/schedule/s_2026_10.html,knave,
2026/10/02,金,音希。,NaturalWoman,http://www.knave.co.jp/schedule/s_2026_10.html,knave,
2026/10/02,金,咲羽,NaturalWoman,http://www.knave.co.jp/schedule/s_2026_10.html,knave,
2026/10/02,金,ろる,NaturalWoman,http://www.knave.co.jp/schedule/s_2026_10.html,knave,
2026/10/02,金,Tiiy,NaturalWoman,http://www.knave.co.jp/schedule/s_2026_10.html,knave,
2026/10/03,土,白玉雅己,白玉雅己 ライブ2026 Destination,http://www.knave.co.jp/schedule/s_2026_10.html,knave,
2026/10/03,土,ツイキャスライブ視聴購入ページ,白玉雅己 ライブ2026 Destination,http://www.knave.co.jp/schedule/s_2026_10.html,knave,
2026/10/03,土,https:,白玉雅己 ライブ2026 Destination,http://www.knave.co.jp/schedule/s_2026_10.html,knave,
2026/10/03,土,twitcasting.tv,白玉雅己 ライブ2026 Destination,http://www.knave.co.jp/schedule/s_2026_10.html,knave,
2026/10/04,日,supabo.,supabo. Yogo プレイリスト,http://www.knave.co.jp/schedule/s_2026_10.html,knave,
2026/10/05,月,akari,NaturalWoman,http://www.knave.co.jp/schedule/s_2026_10.html,knave,
2026/10/05,月,宮崎真穂,NaturalWoman,http://www.knave.co.jp/schedule/s_2026_10.html,knave,
2026/10/05,月,松尾公美子,NaturalWoman,http://www.knave.co.jp/schedule/s_2026_10.html,knave,
2026/10/05,月,赤宮衣織,NaturalWoman,http://www.knave.co.jp/schedule/s_2026_10.html,knave,
2026/10/06,火,莉奈,More Than Music!!,http://www.knave.co.jp/schedule/s_2026_10.html,knave,
2026/10/06,火,絶妙なアンバランズ,More Than Music!!,http://www.knave.co.jp/schedule/s_2026_10.html,knave,
2026/10/06,火,NOsuit,More Than Music!!,http://www.knave.co.jp/schedule/s_2026_10.html,knave,
2026/10/06,火,The・keybass,More Than Music!!,http://www.knave.co.jp/schedule/s_2026_10.html,knave,
2026/10/07,水,齋明寺麻里愛,LoversRock,http://www.knave.co.jp/schedule/s_2026_10.html,knave,
2026/10/07,水,佐々木耕介,LoversRock,http://www.knave.co.jp/schedule/s_2026_10.html,knave,
2026/10/07,水,七凪,LoversRock,http://www.knave.co.jp/schedule/s_2026_10.html,knave,
2026/10/07,水,青葉らら,LoversRock,http://www.knave.co.jp/schedule/s_2026_10.html,knave,
2026/10/07,水,てらぴょん,LoversRock,http://www.knave.co.jp/schedule/s_2026_10.html,knave,
2026/10/08,木,愛奈,NaturalWoman,http://www.knave.co.jp/schedule/s_2026_10.html,knave,
2026/10/08,木,Yae.,NaturalWoman,http://www.knave.co.jp/schedule/s_2026_10.html,knave,
2026/10/08,木,星愛,NaturalWoman,http://www.knave.co.jp/schedule/s_2026_10.html,knave,
2026/10/08,木,有近朋恵,NaturalWoman,http://www.knave.co.jp/schedule/s_2026_10.html,knave,
2026/10/09,金,ルイ,LoversRock SP,http://www.knave.co.jp/schedule/s_2026_10.html,knave,
2026/10/09,金,Urey,LoversRock SP,http://www.knave.co.jp/schedule/s_2026_10.html,knave,
2026/10/09,金,KENTARØ,LoversRock SP,http://www.knave.co.jp/schedule/s_2026_10.html,knave,
2026/10/09,金,MiYASHi,LoversRock SP,http://www.knave.co.jp/schedule/s_2026_10.html,knave,
2026/10/09,金,ウサミココノカ,LoversRock SP,http://www.knave.co.jp/schedule/s_2026_10.html,knave,
2026/10/10,土,JUN SKY WALKER,-MORI JUNTA-,http://www.knave.co.jp/schedule/s_2026_10.html,knave,
2026/10/10,土,MJBD TOUR 2026Let’s Rock It !,-MORI JUNTA-,http://www.knave.co.jp/schedule/s_2026_10.html,knave,
2026/10/10,土,森純太,-MORI JUNTA-,http://www.knave.co.jp/schedule/s_2026_10.html,knave,
2026/10/10,土,伊藤毅,-MORI JUNTA-,http://www.knave.co.jp/schedule/s_2026_10.html,knave,
2026/10/10,土,水尻ヨシユキ,-MORI JUNTA-,http://www.knave.co.jp/schedule/s_2026_10.html,knave,
2026/10/10,土,一般発売3,-MORI JUNTA-,http://www.knave.co.jp/schedule/s_2026_10.html,knave,
2026/10/10,土,28,-MORI JUNTA-,http://www.knave.co.jp/schedule/s_2026_10.html,knave,
2026/10/10,土,問)knave06-6535-0691,-MORI JUNTA-,http://www.knave.co.jp/schedule/s_2026_10.html,knave,
2026/10/11,日,さらば帝国,MEET TWO vol.1,http://www.knave.co.jp/schedule/s_2026_10.html,knave,
2026/10/11,日,ナードマグネット,MEET TWO vol.1,http://www.knave.co.jp/schedule/s_2026_10.html,knave,
2026/10/11,日,チケット購入・問) Livepocket,MEET TWO vol.1,http://www.knave.co.jp/schedule/s_2026_10.html,knave,
2026/10/12,月,HALu,girlstalk Holiday SP,http://www.knave.co.jp/schedule/s_2026_10.html,knave,
2026/10/12,月,かじなな,girlstalk Holiday SP,http://www.knave.co.jp/schedule/s_2026_10.html,knave,
2026/10/12,月,源嶋葵衣,girlstalk Holiday SP,http://www.knave.co.jp/schedule/s_2026_10.html,knave,
2026/10/12,月,凪,girlstalk Holiday SP,http://www.knave.co.jp/schedule/s_2026_10.html,knave,
2026/10/12,月,陽愛,girlstalk Holiday SP,http://www.knave.co.jp/schedule/s_2026_10.html,knave,
2026/10/12,月,葵音,girlstalk Holiday SP,http://www.knave.co.jp/schedule/s_2026_10.html,knave,
2026/10/13,火,なみだ藍,LoversRock SP,http://www.knave.co.jp/schedule/s_2026_10.html,knave,
2026/10/13,火,Blue Ladder,LoversRock SP,http://www.knave.co.jp/schedule/s_2026_10.html,knave,
2026/10/13,火,寿理,LoversRock SP,http://www.knave.co.jp/schedule/s_2026_10.html,knave,
2026/10/13,火,ミライト,LoversRock SP,http://www.knave.co.jp/schedule/s_2026_10.html,knave,
2026/10/13,火,やましたりな,LoversRock SP,http://www.knave.co.jp/schedule/s_2026_10.html,knave,
2026/10/14,水,ヤマサキマナミ,NaturalWoman,http://www.knave.co.jp/schedule/s_2026_10.html,knave,
2026/10/14,水,咲那,NaturalWoman,http://www.knave.co.jp/schedule/s_2026_10.html,knave,
2026/10/14,水,杏月アカリ,NaturalWoman,http://www.knave.co.jp/schedule/s_2026_10.html,knave,
2026/10/14,水,渚砂仄光,NaturalWoman,http://www.knave.co.jp/schedule/s_2026_10.html,knave,
2026/10/15,木,カズミナナ,NaturalWoman SP,http://www.knave.co.jp/schedule/s_2026_10.html,knave,
2026/10/15,木,寺岸柚稀,NaturalWoman SP,http://www.knave.co.jp/schedule/s_2026_10.html,knave,
2026/10/15,木,REA,NaturalWoman SP,http://www.knave.co.jp/schedule/s_2026_10.html,knave,
2026/10/15,木,ケシカルカッコ,NaturalWoman SP,http://www.knave.co.jp/schedule/s_2026_10.html,knave,
2026/10/15,木,Yukky,NaturalWoman SP,http://www.knave.co.jp/schedule/s_2026_10.html,knave,
2026/10/16,金,Acoustic tour 「凪の終わり」,otsumami feat.mikan 1st. Oneman,http://www.knave.co.jp/schedule/s_2026_10.html,knave,
2026/10/16,金,※小学生以下は一名様まで保護者同伴に限り入場無料,otsumami feat.mikan 1st. Oneman,http://www.knave.co.jp/schedule/s_2026_10.html,knave,
2026/10/16,金,一般発売8,otsumami feat.mikan 1st. Oneman,http://www.knave.co.jp/schedule/s_2026_10.html,knave,
2026/10/16,金,1510:00,otsumami feat.mikan 1st. Oneman,http://www.knave.co.jp/schedule/s_2026_10.html,knave,
2026/10/16,金,問)株式会社ABCフロンティア,otsumami feat.mikan 1st. Oneman,http://www.knave.co.jp/schedule/s_2026_10.html,knave,
2026/10/17,土,東名阪札福ワンマンツアー,あくあいゆい,http://www.knave.co.jp/schedule/s_2026_10.html,knave,
2026/10/17,土,2026 LiberRene,あくあいゆい,http://www.knave.co.jp/schedule/s_2026_10.html,knave,
2026/10/17,土,あくあゆい,あくあいゆい,http://www.knave.co.jp/schedule/s_2026_10.html,knave,
2026/10/17,土,PREMIUM￥5,あくあいゆい,http://www.knave.co.jp/schedule/s_2026_10.html,knave,
2026/10/17,土,000,あくあいゆい,http://www.knave.co.jp/schedule/s_2026_10.html,knave,
2026/10/17,土,学割￥2,あくあいゆい,http://www.knave.co.jp/schedule/s_2026_10.html,knave,
2026/10/17,土,500,あくあいゆい,http://www.knave.co.jp/schedule/s_2026_10.html,knave,
2026/10/17,土,問・チケット発売)TIGET,あくあいゆい,http://www.knave.co.jp/schedule/s_2026_10.html,knave,
2026/10/18,日,２MAN LIVE SHOW,マミヨバンド × もりつぐバンド,http://www.knave.co.jp/schedule/s_2026_10.html,knave,
2026/10/18,日,マミヨバンド,マミヨバンド × もりつぐバンド,http://www.knave.co.jp/schedule/s_2026_10.html,knave,
2026/10/18,日,もりつぐバンド,マミヨバンド × もりつぐバンド,http://www.knave.co.jp/schedule/s_2026_10.html,knave,
2026/10/18,日,問）クラウドファンディングサイト,マミヨバンド × もりつぐバンド,http://www.knave.co.jp/schedule/s_2026_10.html,knave,
2026/10/19,月,下尾礼子,Natural Woman 3man,http://www.knave.co.jp/schedule/s_2026_10.html,knave,
2026/10/19,月,藤村ミフユ,Natural Woman 3man,http://www.knave.co.jp/schedule/s_2026_10.html,knave,
2026/10/19,月,奈美エリサ,Natural Woman 3man,http://www.knave.co.jp/schedule/s_2026_10.html,knave,
2026/10/20,火,TRINE,長真由美 × ASNA × 眞塩藍咲 スリーマン,http://www.knave.co.jp/schedule/s_2026_10.html,knave,
2026/10/20,火,― Three Voices,長真由美 × ASNA × 眞塩藍咲 スリーマン,http://www.knave.co.jp/schedule/s_2026_10.html,knave,
2026/10/20,火,One Night ―,長真由美 × ASNA × 眞塩藍咲 スリーマン,http://www.knave.co.jp/schedule/s_2026_10.html,knave,
2026/10/20,火,長真由美,長真由美 × ASNA × 眞塩藍咲 スリーマン,http://www.knave.co.jp/schedule/s_2026_10.html,knave,
2026/10/20,火,ASNA,長真由美 × ASNA × 眞塩藍咲 スリーマン,http://www.knave.co.jp/schedule/s_2026_10.html,knave,
2026/10/20,火,眞塩藍咲,長真由美 × ASNA × 眞塩藍咲 スリーマン,http://www.knave.co.jp/schedule/s_2026_10.html,knave,
2026/10/21,水,PapiLio,LoversRock,http://www.knave.co.jp/schedule/s_2026_10.html,knave,
2026/10/21,水,福寿たいき,LoversRock,http://www.knave.co.jp/schedule/s_2026_10.html,knave,
2026/10/21,水,Ei,LoversRock,http://www.knave.co.jp/schedule/s_2026_10.html,knave,
2026/10/21,水,佐久間丈幸,LoversRock,http://www.knave.co.jp/schedule/s_2026_10.html,knave,
2026/10/22,木,yukaDD,NaturalWoman SP,http://www.knave.co.jp/schedule/s_2026_10.html,knave,
2026/10/22,木,Ritomo,NaturalWoman SP,http://www.knave.co.jp/schedule/s_2026_10.html,knave,
2026/10/22,木,山口華穂,NaturalWoman SP,http://www.knave.co.jp/schedule/s_2026_10.html,knave,
2026/10/22,木,KURUMI,NaturalWoman SP,http://www.knave.co.jp/schedule/s_2026_10.html,knave,
2026/10/22,木,友愛,NaturalWoman SP,http://www.knave.co.jp/schedule/s_2026_10.html,knave,
2026/10/23,金,yukaDD,girlstalk SP,http://www.knave.co.jp/schedule/s_2026_10.html,knave,
2026/10/23,金,コデラユウコ,girlstalk SP,http://www.knave.co.jp/schedule/s_2026_10.html,knave,
2026/10/23,金,湶音遭,girlstalk SP,http://www.knave.co.jp/schedule/s_2026_10.html,knave,
2026/10/23,金,milo.,girlstalk SP,http://www.knave.co.jp/schedule/s_2026_10.html,knave,
2026/10/23,金,かおちー,girlstalk SP,http://www.knave.co.jp/schedule/s_2026_10.html,knave,
2026/10/24,土,シェルミィ,シェルミィ 「グルーミーパペットショウ」,http://www.knave.co.jp/schedule/s_2026_10.html,knave,
2026/10/24,土,シェルミィ公式ウェブショップ,シェルミィ 「グルーミーパペットショウ」,http://www.knave.co.jp/schedule/s_2026_10.html,knave,
2026/10/24,土,「負け犬倶楽部」にて9,シェルミィ 「グルーミーパペットショウ」,http://www.knave.co.jp/schedule/s_2026_10.html,knave,
2026/10/24,土,1910:00発売開始,シェルミィ 「グルーミーパペットショウ」,http://www.knave.co.jp/schedule/s_2026_10.html,knave,
2026/10/25,日,シェルミィ,シェルミィ 銃声TOUR,http://www.knave.co.jp/schedule/s_2026_10.html,knave,
2026/10/25,日,シェルミィ公式ウェブショップ,シェルミィ 銃声TOUR,http://www.knave.co.jp/schedule/s_2026_10.html,knave,
2026/10/25,日,「負け犬倶楽部」にて9,シェルミィ 銃声TOUR,http://www.knave.co.jp/schedule/s_2026_10.html,knave,
2026/10/25,日,2010:00発売開始,シェルミィ 銃声TOUR,http://www.knave.co.jp/schedule/s_2026_10.html,knave,
2026/10/26,月,PANdeMIX,The RedLight,http://www.knave.co.jp/schedule/s_2026_10.html,knave,
2026/10/26,月,Skade,The RedLight,http://www.knave.co.jp/schedule/s_2026_10.html,knave,
2026/10/26,月,OKU,The RedLight,http://www.knave.co.jp/schedule/s_2026_10.html,knave,
2026/10/26,月,小川泉,The RedLight,http://www.knave.co.jp/schedule/s_2026_10.html,knave,
2026/10/27,火,-Halloween night-,まるここpresents.Vol.6,http://www.knave.co.jp/schedule/s_2026_10.html,knave,
2026/10/27,火,Re.ripe,まるここpresents.Vol.6,http://www.knave.co.jp/schedule/s_2026_10.html,knave,
2026/10/27,火,RAPT LA PLACE,まるここpresents.Vol.6,http://www.knave.co.jp/schedule/s_2026_10.html,knave,
2026/10/27,火,たられば。,まるここpresents.Vol.6,http://www.knave.co.jp/schedule/s_2026_10.html,knave,
2026/10/28,水,ももか,knave Halloween event day.1,http://www.knave.co.jp/schedule/s_2026_10.html,knave,
2026/10/28,水,星唯蘭,knave Halloween event day.1,http://www.knave.co.jp/schedule/s_2026_10.html,knave,
2026/10/28,水,ぽっぷこーん☆,knave Halloween event day.1,http://www.knave.co.jp/schedule/s_2026_10.html,knave,
2026/10/28,水,きらりすず,knave Halloween event day.1,http://www.knave.co.jp/schedule/s_2026_10.html,knave,
2026/10/29,木,下北姫菜,knave Halloween event day.2,http://www.knave.co.jp/schedule/s_2026_10.html,knave,
2026/10/29,木,Nazuna,knave Halloween event day.2,http://www.knave.co.jp/schedule/s_2026_10.html,knave,
2026/10/29,木,MIA.,knave Halloween event day.2,http://www.knave.co.jp/schedule/s_2026_10.html,knave,
2026/10/29,木,KARIN,knave Halloween event day.2,http://www.knave.co.jp/schedule/s_2026_10.html,knave,
2026/10/29,木,朝陽すず,knave Halloween event day.2,http://www.knave.co.jp/schedule/s_2026_10.html,knave,
2026/10/30,金,しおみん,knave Halloween event day.3,http://www.knave.co.jp/schedule/s_2026_10.html,knave,
2026/10/30,金,璃咲,knave Halloween event day.3,http://www.knave.co.jp/schedule/s_2026_10.html,knave,
2026/10/30,金,望月とこ,knave Halloween event day.3,http://www.knave.co.jp/schedule/s_2026_10.html,knave,
2026/10/31,土,〜TENSONG FAMILY Vol.4〜,1st ACOUSTIC TOUR 2026,http://www.knave.co.jp/schedule/s_2026_10.html,knave,
2026/10/31,土,TENSONG,1st ACOUSTIC TOUR 2026,http://www.knave.co.jp/schedule/s_2026_10.html,knave,
2026/10/31,土,※FC限定イベント,1st ACOUSTIC TOUR 2026,http://www.knave.co.jp/schedule/s_2026_10.html,knave,
2026/10/31,土,※(3歳未満のご入場不可,1st ACOUSTIC TOUR 2026,http://www.knave.co.jp/schedule/s_2026_10.html,knave,
2026/10/31,土,再入場不可,1st ACOUSTIC TOUR 2026,http://www.knave.co.jp/schedule/s_2026_10.html,knave,
2026/10/31,土,問)WEST FOREST,1st ACOUSTIC TOUR 2026,http://www.knave.co.jp/schedule/s_2026_10.html,knave,
2026/11/02,月,心悠,girlstalk SP,http://www.knave.co.jp/schedule/s_2026_11.html,knave,
2026/11/02,月,大池香奈,girlstalk SP,http://www.knave.co.jp/schedule/s_2026_11.html,knave,
2026/11/02,月,莉奈,girlstalk SP,http://www.knave.co.jp/schedule/s_2026_11.html,knave,
2026/11/02,月,カラサワ ユア,girlstalk SP,http://www.knave.co.jp/schedule/s_2026_11.html,knave,
2026/11/03,火,直訳ロッカー王様・66歳になりました記念,RSG presents,http://www.knave.co.jp/schedule/s_2026_11.html,knave,
2026/11/03,火,「大人の文化祭Vol.9」,RSG presents,http://www.knave.co.jp/schedule/s_2026_11.html,knave,
2026/11/03,火,ライブ＆セッション in 南堀江knave,RSG presents,http://www.knave.co.jp/schedule/s_2026_11.html,knave,
2026/11/03,火,王様,RSG presents,http://www.knave.co.jp/schedule/s_2026_11.html,knave,
2026/11/03,火,RSG,RSG presents,http://www.knave.co.jp/schedule/s_2026_11.html,knave,
2026/11/03,火,ScatRaw,RSG presents,http://www.knave.co.jp/schedule/s_2026_11.html,knave,
2026/11/03,火,The Pink Mantis-桃色蟷螂,RSG presents,http://www.knave.co.jp/schedule/s_2026_11.html,knave,
2026/11/04,水,小野亜里沙,NaturalWoman,http://www.knave.co.jp/schedule/s_2026_11.html,knave,
2026/11/04,水,杏月アカリ,NaturalWoman,http://www.knave.co.jp/schedule/s_2026_11.html,knave,
2026/11/04,水,結唄花,NaturalWoman,http://www.knave.co.jp/schedule/s_2026_11.html,knave,
2026/11/04,水,Ei,NaturalWoman,http://www.knave.co.jp/schedule/s_2026_11.html,knave,
2026/11/04,水,ちょす,NaturalWoman,http://www.knave.co.jp/schedule/s_2026_11.html,knave,
2026/11/05,木,EQUALIZE,The RedLight SP,http://www.knave.co.jp/schedule/s_2026_11.html,knave,
2026/11/05,木,Neo'n'eaT,The RedLight SP,http://www.knave.co.jp/schedule/s_2026_11.html,knave,
2026/11/05,木,AILYAWP,The RedLight SP,http://www.knave.co.jp/schedule/s_2026_11.html,knave,
2026/11/06,金,ちゃむりん,NaturalWoman,http://www.knave.co.jp/schedule/s_2026_11.html,knave,
2026/11/06,金,瀧本結月,NaturalWoman,http://www.knave.co.jp/schedule/s_2026_11.html,knave,
2026/11/06,金,おそえ,NaturalWoman,http://www.knave.co.jp/schedule/s_2026_11.html,knave,
2026/11/06,金,有近朋恵,NaturalWoman,http://www.knave.co.jp/schedule/s_2026_11.html,knave,
2025/11/07,金,『LIVE PARTY 2026』,TAPUA VOICE ACADEMY 発表会,http://www.knave.co.jp/schedule/s_2026_11.html,knave,
2025/11/07,金,問)タプアヴォイスアカデミー,TAPUA VOICE ACADEMY 発表会,http://www.knave.co.jp/schedule/s_2026_11.html,knave,
2026/11/09,月,中井優月,NaturalWoman,http://www.knave.co.jp/schedule/s_2026_11.html,knave,
2026/11/09,月,Tiiy,NaturalWoman,http://www.knave.co.jp/schedule/s_2026_11.html,knave,
2026/11/09,月,葵音,NaturalWoman,http://www.knave.co.jp/schedule/s_2026_11.html,knave,
2026/11/09,月,華蘭,NaturalWoman,http://www.knave.co.jp/schedule/s_2026_11.html,knave,
2026/11/10,火,biki,NaturalWoman,http://www.knave.co.jp/schedule/s_2026_11.html,knave,
2026/11/10,火,寺川佐希,NaturalWoman,http://www.knave.co.jp/schedule/s_2026_11.html,knave,
2026/11/10,火,青葉らら,NaturalWoman,http://www.knave.co.jp/schedule/s_2026_11.html,knave,
2026/11/10,火,藤木陽音,NaturalWoman,http://www.knave.co.jp/schedule/s_2026_11.html,knave,
2026/11/11,水,asano raincoat,Bitter&Sweet,http://www.knave.co.jp/schedule/s_2026_11.html,knave,
2026/11/11,水,番茶一杯,Bitter&Sweet,http://www.knave.co.jp/schedule/s_2026_11.html,knave,
2026/11/11,水,ノラ,Bitter&Sweet,http://www.knave.co.jp/schedule/s_2026_11.html,knave,
2026/11/11,水,Jammycomb,Bitter&Sweet,http://www.knave.co.jp/schedule/s_2026_11.html,knave,
2026/11/12,木,鳥居れな,NaturalWoman,http://www.knave.co.jp/schedule/s_2026_11.html,knave,
2026/11/12,木,岩内幸乃,NaturalWoman,http://www.knave.co.jp/schedule/s_2026_11.html,knave,
2026/11/12,木,冬木希,NaturalWoman,http://www.knave.co.jp/schedule/s_2026_11.html,knave,
2026/11/12,木,湶音遭,NaturalWoman,http://www.knave.co.jp/schedule/s_2026_11.html,knave,
2026/11/13,金,ロクセンチはラブハンドルズがおすき,Rock-Senti 20th Anniversary,http://www.knave.co.jp/schedule/s_2026_11.html,knave,
2026/11/13,金,ロクセンチ,Rock-Senti 20th Anniversary,http://www.knave.co.jp/schedule/s_2026_11.html,knave,
2026/11/13,金,ラブハンドルズ,Rock-Senti 20th Anniversary,http://www.knave.co.jp/schedule/s_2026_11.html,knave,
2026/11/13,金,GUEST :,Rock-Senti 20th Anniversary,http://www.knave.co.jp/schedule/s_2026_11.html,knave,
2026/11/13,金,はーくん,Rock-Senti 20th Anniversary,http://www.knave.co.jp/schedule/s_2026_11.html,knave,
2026/11/13,金,サポート：Per. 森 盛滋,Rock-Senti 20th Anniversary,http://www.knave.co.jp/schedule/s_2026_11.html,knave,
2026/11/14,土,→ Underground Parade ←,Neu:NOIZ Tour 2026,http://www.knave.co.jp/schedule/s_2026_11.html,knave,
2026/11/14,土,Neu:NOIZ,Neu:NOIZ Tour 2026,http://www.knave.co.jp/schedule/s_2026_11.html,knave,
2026/11/14,土,一般発売近日,Neu:NOIZ Tour 2026,http://www.knave.co.jp/schedule/s_2026_11.html,knave,
2026/11/14,土,問)knave06-6535-0691,Neu:NOIZ Tour 2026,http://www.knave.co.jp/schedule/s_2026_11.html,knave,
2026/11/16,月,洸,LoversRock,http://www.knave.co.jp/schedule/s_2026_11.html,knave,
2026/11/16,月,網谷俊輝,LoversRock,http://www.knave.co.jp/schedule/s_2026_11.html,knave,
2026/11/16,月,笹岡俊介,LoversRock,http://www.knave.co.jp/schedule/s_2026_11.html,knave,
2026/11/16,月,GRATEFUL DAYS,LoversRock,http://www.knave.co.jp/schedule/s_2026_11.html,knave,
2026/11/16,月,戸田千陽,LoversRock,http://www.knave.co.jp/schedule/s_2026_11.html,knave,
2026/11/17,火,Liminal.,NaturalWoman,http://www.knave.co.jp/schedule/s_2026_11.html,knave,
2026/11/17,火,星愛,NaturalWoman,http://www.knave.co.jp/schedule/s_2026_11.html,knave,
2026/11/17,火,音希。,NaturalWoman,http://www.knave.co.jp/schedule/s_2026_11.html,knave,
2026/11/17,火,Mayuka,NaturalWoman,http://www.knave.co.jp/schedule/s_2026_11.html,knave,
2026/11/19,木,monocalring,Bitter&Sweet,http://www.knave.co.jp/schedule/s_2026_11.html,knave,
2026/11/19,木,The AlanSmithy Band,Bitter&Sweet,http://www.knave.co.jp/schedule/s_2026_11.html,knave,
2026/11/19,木,Zinedine Radifa,Bitter&Sweet,http://www.knave.co.jp/schedule/s_2026_11.html,knave,
2026/11/19,木,碧-あお-.,Bitter&Sweet,http://www.knave.co.jp/schedule/s_2026_11.html,knave,
2026/11/20,金,藤川彩,girlstalk,http://www.knave.co.jp/schedule/s_2026_11.html,knave,
2026/11/20,金,小川泉,girlstalk,http://www.knave.co.jp/schedule/s_2026_11.html,knave,
2026/11/20,金,理星,girlstalk,http://www.knave.co.jp/schedule/s_2026_11.html,knave,
2026/11/20,金,莉奈,girlstalk,http://www.knave.co.jp/schedule/s_2026_11.html,knave,
2026/11/21,土,バースデー ワンマンライブ高賀音羽,高賀音羽 1stアルバムリリース,http://www.knave.co.jp/schedule/s_2026_11.html,knave,
2026/11/21,土,※特別出演：風乃,高賀音羽 1stアルバムリリース,http://www.knave.co.jp/schedule/s_2026_11.html,knave,
2026/11/21,土,Gt. 榊原 弘明,高賀音羽 1stアルバムリリース,http://www.knave.co.jp/schedule/s_2026_11.html,knave,
2026/11/21,土,Pf. 樹愛音,高賀音羽 1stアルバムリリース,http://www.knave.co.jp/schedule/s_2026_11.html,knave,
2026/11/21,土,Perc. 高倉 祐貴,高賀音羽 1stアルバムリリース,http://www.knave.co.jp/schedule/s_2026_11.html,knave,
2026/11/22,日,RETURNS,A DAY WITH THE ACES TOUR,http://www.knave.co.jp/schedule/s_2026_11.html,knave,
2026/11/22,日,QUEENESS,A DAY WITH THE ACES TOUR,http://www.knave.co.jp/schedule/s_2026_11.html,knave,
2026/11/22,日,一般発売5,A DAY WITH THE ACES TOUR,http://www.knave.co.jp/schedule/s_2026_11.html,knave,
2026/11/22,日,27,A DAY WITH THE ACES TOUR,http://www.knave.co.jp/schedule/s_2026_11.html,knave,
2026/11/22,日,問)knave06-6535-0691,A DAY WITH THE ACES TOUR,http://www.knave.co.jp/schedule/s_2026_11.html,knave,
2026/11/23,月,SOUNDS GOODS,SARI LIVE TOUR 2026,http://www.knave.co.jp/schedule/s_2026_11.html,knave,
2026/11/23,月,SARI,SARI LIVE TOUR 2026,http://www.knave.co.jp/schedule/s_2026_11.html,knave,
2026/11/23,月,SS￥10,SARI LIVE TOUR 2026,http://www.knave.co.jp/schedule/s_2026_11.html,knave,
2026/11/23,月,000 S￥8,SARI LIVE TOUR 2026,http://www.knave.co.jp/schedule/s_2026_11.html,knave,
2026/11/23,月,000 A￥6,SARI LIVE TOUR 2026,http://www.knave.co.jp/schedule/s_2026_11.html,knave,
2026/11/23,月,000,SARI LIVE TOUR 2026,http://www.knave.co.jp/schedule/s_2026_11.html,knave,
2026/11/24,火,HAPPY CARRY,Bitter&Sweet SP,http://www.knave.co.jp/schedule/s_2026_11.html,knave,
2026/11/24,火,森かずおバンド,Bitter&Sweet SP,http://www.knave.co.jp/schedule/s_2026_11.html,knave,
2026/11/24,火,ワビサビ,Bitter&Sweet SP,http://www.knave.co.jp/schedule/s_2026_11.html,knave,
2026/11/25,水,寿理,NaturalWoman SP,http://www.knave.co.jp/schedule/s_2026_11.html,knave,
2026/11/25,水,永恵美遥,NaturalWoman SP,http://www.knave.co.jp/schedule/s_2026_11.html,knave,
2026/11/25,水,斉藤れいか,NaturalWoman SP,http://www.knave.co.jp/schedule/s_2026_11.html,knave,
2026/11/25,水,ケシカルカッコ,NaturalWoman SP,http://www.knave.co.jp/schedule/s_2026_11.html,knave,
2026/11/26,木,星唯蘭,girlstalk,http://www.knave.co.jp/schedule/s_2026_11.html,knave,
2026/11/26,木,仁村あひる,girlstalk,http://www.knave.co.jp/schedule/s_2026_11.html,knave,
2026/11/26,木,Kurara,girlstalk,http://www.knave.co.jp/schedule/s_2026_11.html,knave,
2026/11/26,木,下尾礼子,girlstalk,http://www.knave.co.jp/schedule/s_2026_11.html,knave,
2026/11/27,金,AYANE,"AYANE ""H.E.A.R"" ACOUSTIC LIVE 2026",http://www.knave.co.jp/schedule/s_2026_11.html,knave,
2026/11/27,金,VIP￥8,"AYANE ""H.E.A.R"" ACOUSTIC LIVE 2026",http://www.knave.co.jp/schedule/s_2026_11.html,knave,
2026/11/27,金,000,"AYANE ""H.E.A.R"" ACOUSTIC LIVE 2026",http://www.knave.co.jp/schedule/s_2026_11.html,knave,
2026/11/27,金,学割¥4,"AYANE ""H.E.A.R"" ACOUSTIC LIVE 2026",http://www.knave.co.jp/schedule/s_2026_11.html,knave,
2026/11/27,金,500※受付時に学生証要提示,"AYANE ""H.E.A.R"" ACOUSTIC LIVE 2026",http://www.knave.co.jp/schedule/s_2026_11.html,knave,
2026/11/29,日,コデラユウコ,コデラユウコpresents 3man live,http://www.knave.co.jp/schedule/s_2026_11.html,knave,
2026/11/29,日,村瀬真弓,コデラユウコpresents 3man live,http://www.knave.co.jp/schedule/s_2026_11.html,knave,
2026/11/29,日,ケシカルカッコ,コデラユウコpresents 3man live,http://www.knave.co.jp/schedule/s_2026_11.html,knave,
2026/11/30,月,きばやし,LoversRock SP,http://www.knave.co.jp/schedule/s_2026_11.html,knave,
2026/11/30,月,Yukky,LoversRock SP,http://www.knave.co.jp/schedule/s_2026_11.html,knave,
2026/11/30,月,河村麻未,LoversRock SP,http://www.knave.co.jp/schedule/s_2026_11.html,knave,
2026/11/30,月,Kanon,LoversRock SP,http://www.knave.co.jp/schedule/s_2026_11.html,knave,
2026/12/01,火,CROSSOVER,KURUMI presents,http://www.knave.co.jp/schedule/s_2026_12.html,knave,
2026/12/01,火,岩内幸乃,KURUMI presents,http://www.knave.co.jp/schedule/s_2026_12.html,knave,
2026/12/01,火,小川心音,KURUMI presents,http://www.knave.co.jp/schedule/s_2026_12.html,knave,
2026/12/01,火,KURUMI,KURUMI presents,http://www.knave.co.jp/schedule/s_2026_12.html,knave,
2026/12/01,火,The Cushions,KURUMI presents,http://www.knave.co.jp/schedule/s_2026_12.html,knave,
2026/12/01,火,Noa's Ark,KURUMI presents,http://www.knave.co.jp/schedule/s_2026_12.html,knave,
2026/12/01,火,学割￥2,KURUMI presents,http://www.knave.co.jp/schedule/s_2026_12.html,knave,
2026/12/01,火,000(受付にて学生証提示）,KURUMI presents,http://www.knave.co.jp/schedule/s_2026_12.html,knave,
2026/12/06,日,Sweets,Sweets presents NO LIVE NO LIFE Vol.2,http://www.knave.co.jp/schedule/s_2026_12.html,knave,
2026/12/06,日,追加アーティスト後日発表,Sweets presents NO LIVE NO LIFE Vol.2,http://www.knave.co.jp/schedule/s_2026_12.html,knave,
2026/12/06,日,※未就学児童入場料無料,Sweets presents NO LIVE NO LIFE Vol.2,http://www.knave.co.jp/schedule/s_2026_12.html,knave,
2026/12/06,日,小学生以上要チケット代,Sweets presents NO LIVE NO LIFE Vol.2,http://www.knave.co.jp/schedule/s_2026_12.html,knave,
2026/12/06,日,※学割￥1,Sweets presents NO LIVE NO LIFE Vol.2,http://www.knave.co.jp/schedule/s_2026_12.html,knave,
2026/12/06,日,900(受付にて学生証提示）,Sweets presents NO LIVE NO LIFE Vol.2,http://www.knave.co.jp/schedule/s_2026_12.html,knave,
2026/12/06,日,『君の街で灯るように』 大阪編,灯火日和&Gum Girl 共催イベント,http://www.knave.co.jp/schedule/s_2026_12.html,knave,
2026/12/06,日,灯火日和,灯火日和&Gum Girl 共催イベント,http://www.knave.co.jp/schedule/s_2026_12.html,knave,
2026/12/06,日,Gum Girl,灯火日和&Gum Girl 共催イベント,http://www.knave.co.jp/schedule/s_2026_12.html,knave,
2026/12/06,日,LUCY IN THE ROOM,灯火日和&Gum Girl 共催イベント,http://www.knave.co.jp/schedule/s_2026_12.html,knave,
2026/12/06,日,800(受付にて学生証提示）,灯火日和&Gum Girl 共催イベント,http://www.knave.co.jp/schedule/s_2026_12.html,knave,
2026/12/09,水,『歌える子羊』莉奈,莉奈 バンドセットワンマンライブ,http://www.knave.co.jp/schedule/s_2026_12.html,knave,
2026/12/09,水,PREMIUM ￥5,莉奈 バンドセットワンマンライブ,http://www.knave.co.jp/schedule/s_2026_12.html,knave,
2026/12/09,水,000,莉奈 バンドセットワンマンライブ,http://www.knave.co.jp/schedule/s_2026_12.html,knave,
2026/12/09,水,※U-22￥2,莉奈 バンドセットワンマンライブ,http://www.knave.co.jp/schedule/s_2026_12.html,knave,
2026/12/09,水,000(受付にて学生証提示）,莉奈 バンドセットワンマンライブ,http://www.knave.co.jp/schedule/s_2026_12.html,knave,
2026/12/19,土,3rdワンマンライブin 大阪,りとるばいりとる,http://www.knave.co.jp/schedule/s_2026_12.html,knave,
2026/12/19,土,りとるばいりとる,りとるばいりとる,http://www.knave.co.jp/schedule/s_2026_12.html,knave,
2026/12/19,土,"配信￥1,500",りとるばいりとる,http://www.knave.co.jp/schedule/s_2026_12.html,knave,
2026/12/19,土,"配信(応援）￥3,000",りとるばいりとる,http://www.knave.co.jp/schedule/s_2026_12.html,knave,
2026/12/19,土,どちらのチケットも視聴内容は同様となります。,りとるばいりとる,http://www.knave.co.jp/schedule/s_2026_12.html,knave,
2026/12/19,土,ツイキャスライブ視聴購入ページ,りとるばいりとる,http://www.knave.co.jp/schedule/s_2026_12.html,knave,
2026/12/19,土,https:,りとるばいりとる,http://www.knave.co.jp/schedule/s_2026_12.html,knave,
2026/12/19,土,twitcasting.tv,りとるばいりとる,http://www.knave.co.jp/schedule/s_2026_12.html,knave,
2026/12/19,土,GRANOLA,【 Flower 】 GRANOLA ONE-MAN-LIVE,http://www.knave.co.jp/schedule/s_2026_12.html,knave,
2026/12/19,土,"PREMIUM￥10,000",【 Flower 】 GRANOLA ONE-MAN-LIVE,http://www.knave.co.jp/schedule/s_2026_12.html,knave,
2026/12/19,土,"S席￥7,000",【 Flower 】 GRANOLA ONE-MAN-LIVE,http://www.knave.co.jp/schedule/s_2026_12.html,knave,
2026/12/19,土,高校生以下 当日￥1,【 Flower 】 GRANOLA ONE-MAN-LIVE,http://www.knave.co.jp/schedule/s_2026_12.html,knave,
2026/12/19,土,500キャッシュバック,【 Flower 】 GRANOLA ONE-MAN-LIVE,http://www.knave.co.jp/schedule/s_2026_12.html,knave,
2026/12/19,土,問・チケット発売) Bitfun,【 Flower 】 GRANOLA ONE-MAN-LIVE,http://www.knave.co.jp/schedule/s_2026_12.html,knave,
2026/12/24,木,BIRTHDAY ONE MAN LIVE ’26,齋明寺麻里愛,http://www.knave.co.jp/schedule/s_2026_12.html,knave,
2026/12/24,木,『MARIA 聖なる夜に Vol.9』,齋明寺麻里愛,http://www.knave.co.jp/schedule/s_2026_12.html,knave,
2026/12/24,木,齋明寺麻里愛,齋明寺麻里愛,http://www.knave.co.jp/schedule/s_2026_12.html,knave,
2026/12/24,木,LUNA￥8,齋明寺麻里愛,http://www.knave.co.jp/schedule/s_2026_12.html,knave,
2026/12/24,木,000,齋明寺麻里愛,http://www.knave.co.jp/schedule/s_2026_12.html,knave,
2026/12/24,木,STAR￥6,齋明寺麻里愛,http://www.knave.co.jp/schedule/s_2026_12.html,knave,
2026/12/24,木,問・チケット発売)予約フォームは「こちら」,齋明寺麻里愛,http://www.knave.co.jp/schedule/s_2026_12.html,knave,
2026/12/26,土,問)knave06-6535-0691,→PJ←コピバン大会2026 in OSAKA,http://www.knave.co.jp/schedule/s_2026_12.html,knave,
2026/12/26,土,スペシャルライブ & セッション,→Pia-no-jaC←,http://www.knave.co.jp/schedule/s_2026_12.html,knave,
2026/12/26,土,一般発売9,→Pia-no-jaC←,http://www.knave.co.jp/schedule/s_2026_12.html,knave,
2026/12/26,土,112:00,→Pia-no-jaC←,http://www.knave.co.jp/schedule/s_2026_12.html,knave,
2026/12/27,日,〜大阪編〜,→Pia-no-jaC← 2026 大忘年会Vol.18,http://www.knave.co.jp/schedule/s_2026_12.html,knave,
2026/12/27,日,プロデュースHIRO,→Pia-no-jaC← 2026 大忘年会Vol.18,http://www.knave.co.jp/schedule/s_2026_12.html,knave,
2026/12/27,日,→Pia-no-jaC←,→Pia-no-jaC← 2026 大忘年会Vol.18,http://www.knave.co.jp/schedule/s_2026_12.html,knave,
2026/12/27,日,一般発売9,→Pia-no-jaC← 2026 大忘年会Vol.18,http://www.knave.co.jp/schedule/s_2026_12.html,knave,
2026/12/27,日,112:00,→Pia-no-jaC← 2026 大忘年会Vol.18,http://www.knave.co.jp/schedule/s_2026_12.html,knave,
2026/12/27,日,問)knave06-6535-0691,→Pia-no-jaC← 2026 大忘年会Vol.18,http://www.knave.co.jp/schedule/s_2026_12.html,knave,
2026/12/27,日,プロデュースHAYATO,→Pia-no-jaC← 2026 大忘年会Vol.18,http://www.knave.co.jp/schedule/s_2026_12.html,knave,
2026/12/28,月,Vo&Eg : 光彩海,"たられば。2nd One Man Live ""69""たられば。",http://www.knave.co.jp/schedule/s_2026_12.html,knave,
2026/12/28,月,Vo&Eg : 侑士愛,"たられば。2nd One Man Live ""69""たられば。",http://www.knave.co.jp/schedule/s_2026_12.html,knave,
2026/12/28,月,Drums : ナン,"たられば。2nd One Man Live ""69""たられば。",http://www.knave.co.jp/schedule/s_2026_12.html,knave,
2026/12/28,月,Bass : 磔也,"たられば。2nd One Man Live ""69""たられば。",http://www.knave.co.jp/schedule/s_2026_12.html,knave,
2027/01/16,土,河村麻未×齋明寺麻里愛ツーマンライブ,Live in Concert Vol.5.5,http://www.knave.co.jp/schedule/s_2026_12.html,knave,
2027/01/16,土,河村麻未,Live in Concert Vol.5.5,http://www.knave.co.jp/schedule/s_2026_12.html,knave,
2027/01/16,土,齋明寺麻里愛,Live in Concert Vol.5.5,http://www.knave.co.jp/schedule/s_2026_12.html,knave,
2027/01/29,金,「一年の計は元旦にありカルカッコ」,ケシカルカッコoneman live,http://www.knave.co.jp/schedule/s_2026_12.html,knave,
2027/01/29,金,ケシカルカッコ,ケシカルカッコoneman live,http://www.knave.co.jp/schedule/s_2026_12.html,knave,
2027/02/07,日,supported by KIRIN,knave 25th anniversary,http://www.knave.co.jp/schedule/s_2026_12.html,knave,
2027/02/07,日,千日前プロレス20周年記念大会第四弾！,knave 25th anniversary,http://www.knave.co.jp/schedule/s_2026_12.html,knave,
2027/02/07,日,「End of 20th」,knave 25th anniversary,http://www.knave.co.jp/schedule/s_2026_12.html,knave,
2027/02/07,日,千日前プロレス,knave 25th anniversary,http://www.knave.co.jp/schedule/s_2026_12.html,knave,
